Traits,CHR,POS,REF,ALT,rsID,Genes,P_value,OR,Source
AD,17,36733456,A,G,rs7211985,intergenic,0.0001981,3.381,computed GWAS
AD,7,7273413,G,T,rs1796120,LOC101927354,0.0002826,3.626,computed GWAS
AD,16,85854087,T,C,rs3866569,intergenic,0.0002787,3.419,computed GWAS
AD,2,162841144,C,A,rs16847472,intergenic,0.0002787,3.419,computed GWAS
AD,14,57633937,G,A,rs8016412,SLC35F4,0.0002733,4.147,computed GWAS
AD,11,79335784,T,C,rs1944450,TENM4,0.0002722,3.382,computed GWAS
AD,19,23247549,G,A,rs74921175,ZNF724,0.0002655,3.557,computed GWAS
AD,3,74351978,G,T,rs551595,CNTN3,0.0002655,3.557,computed GWAS
AD,8,51446120,T,C,rs994588,PXDNL,0.0002623,3.407,computed GWAS
AD,11,81064025,T,C,rs11232448,intergenic,0.000259,3.361,computed GWAS
AD,11,79318150,C,T,rs7949310,TENM4,0.000259,3.361,computed GWAS
AD,14,21050377,G,A,rs4982394,NDRG2,0.0002551,3.375,computed GWAS
AD,5,1556230,T,C,rs11742758,intergenic,0.0002551,3.375,computed GWAS
AD,19,51808910,A,G,rs28773614,FPR3,0.000244,3.669,computed GWAS
AD,15,26082830,A,G,rs61991768,intergenic,0.000244,3.669,computed GWAS
AD,5,133291547,C,T,rs78173679,FSTL4,0.0002406,3.356,computed GWAS
AD,2,138731331,T,C,rs10496800,NXPH2,0.0002406,3.356,computed GWAS
AD,18,8732094,T,G,rs9961392,MTCL1,0.0002222,3.362,computed GWAS
AD,12,118506364,C,A,rs12818429,intergenic,0.0002133,4.819,computed GWAS
AD,8,3576367,ATCTC,A,rs112536515,CSMD1,0.0002001,3.604,computed GWAS
AD,11,86103988,G,A,rs1237999,PICALM,,,manually curated
AD,19,44908684,T,C,rs429358,APOE,,,manually curated
AD,19,44892362,A,G,rs2075650,APOE,,,manually curated
AD,11,86046547,C,T,rs677909,PICALM,,,manually curated
AD,11,121618707,G,A,rs1784933,SORL1,,,manually curated
AD,19,1046521,T,G,rs3764650,ABCA7,,,manually curated
AD,2,77499670,T,G,rs76059648,LRRTM4,0.0002857,4.148,computed GWAS
AD,18,9196530,T,C,rs9946695,ANKRD12,0.0001951,3.385,computed GWAS
AD,10,126529877,G,T,rs4581359,C10orf90,0.0002869,3.827,computed GWAS
AD,15,62711826,A,G,rs57185050,TLN2,0.0003018,3.273,computed GWAS
AD,11,86157598,T,C,rs3851179,PICALM,,,manually curated
AD,1,207518704,A,"G,T",rs6656401,CR1,,,manually curated
AD,1,207609571,A,"G,T",rs4844609,CR1,,,manually curated
AD,8,27604964,A,"C,G,T",rs7982,CLU,,,manually curated
AD,8,27598736,T,"A,C,G",rs2279590,CLU,,,manually curated
AD,8,27608798,T,"A,C",rs1532278,CLU,,,manually curated
AD,8,27607002,T,"A,C",rs11136000,CLU,,,manually curated
AD,8,27611345,C,G,rs9331888,CLU,,,manually curated
AD,2,77467433,A,C,rs1922826,LRRTM4,0.0003982,3.422,computed GWAS
AD,19,23210484,C,T,rs11670874,intergenic,0.0003982,3.422,computed GWAS
AD,3,152540344,A,G,rs28887518,intergenic,0.0003982,3.422,computed GWAS
AD,7,155167675,T,C,rs77244519,intergenic,0.0003756,3.517,computed GWAS
AD,1,214159644,C,A,rs1223761,intergenic,0.0003639,3.262,computed GWAS
AD,8,51250867,G,A,rs6991640,intergenic,0.0003639,3.262,computed GWAS
AD,8,51248402,T,C,rs10504116,intergenic,0.0003639,3.262,computed GWAS
AD,5,18494694,C,T,rs10058691,intergenic,0.000362,3.212,computed GWAS
AD,18,9200616,G,A,rs9304034,ANKRD12,0.000362,3.212,computed GWAS
AD,10,6068866,C,T,rs7090512,intergenic,0.000362,3.212,computed GWAS
AD,8,3578311,AG,A,rs35753884,CSMD1,0.000362,3.212,computed GWAS
AD,3,183596438,A,C,rs34450586,intergenic,0.000362,3.212,computed GWAS
AD,1,10733389,G,A,rs76356503,CASZ1,0.0003518,4.259,computed GWAS
AD,11,24052661,A,G,rs11027689,intergenic,0.0003394,3.334,computed GWAS
AD,21,15513502,G,T,rs9984697,intergenic,0.0003381,3.648,computed GWAS
AD,8,3564093,C,A,rs13257567,CSMD1,0.0003347,3.261,computed GWAS
AD,9,7135405,T,G,rs2381567,KDM4C,0.0003323,3.301,computed GWAS
AD,1,23374318,T,C,rs9887921,intergenic,0.0002869,3.827,computed GWAS
AD,2,138704387,T,C,rs4074049,NXPH2,0.0001951,3.385,computed GWAS
AD,10,61543456,A,G,rs1456279,intergenic,0.0001902,3.538,computed GWAS
AD,4,5685240,C,T,rs957726,EVC2,0.0001887,3.493,computed GWAS
AD,5,19814508,AGGATCCCT,A,rs112116098,CDH18,8.682e-05,3.733,computed GWAS
AD,14,92395336,G,T,rs55927002,SLC24A4,8.427e-05,3.8,computed GWAS
AD,8,142555809,A,C,rs7386620,intergenic,7.741e-05,4.218,computed GWAS
AD,1,80486176,C,T,rs2389053,intergenic,7.741e-05,4.218,computed GWAS
AD,1,10852494,C,T,rs637037,intergenic,7.054e-05,4.607,computed GWAS
AD,3,163796411,C,A,rs73164549,intergenic,6.957e-05,4.024,computed GWAS
AD,5,168785091,C,T,rs10475891,SLIT3,6.612e-05,3.804,computed GWAS
AD,5,55732565,G,A,rs62363608,intergenic,5.75e-05,3.864,computed GWAS
AD,5,68012643,A,G,rs382190,intergenic,4.956e-05,4.052,computed GWAS
AD,2,1428426,T,C,rs1567918,TPO,4.562e-05,5.412,computed GWAS
AD,9,70497814,A,G,rs77546894,intergenic,4.463e-05,4.444,computed GWAS
AD,9,130917287,A,AAGAC,9:130917287:A:AAGAC,,4.253e-05,4.203,computed GWAS
AD,1,86408986,A,G,rs78227048,intergenic,4.237e-05,5.121,computed GWAS
AD,11,133010761,G,A,rs1911253,OPCML,4.237e-05,5.121,computed GWAS
AD,4,88943033,A,G,rs12509426,FAM13A,2.529e-05,4.074,computed GWAS
AD,1,61254013,T,G,rs2184016,NFIA,1.611e-05,5.095,computed GWAS
AD,19,44888997,T,C,rs6857,NECTIN2,1.611e-05,5.095,computed GWAS
AD,19,44908684,C,T,rs429358,APOE,1.338e-05,4.968,computed GWAS
AD,19,37334937,C,T,rs66505733,ZNF875,9.005e-06,6.04,computed GWAS
AD,13,70438333,T,C,rs9542322,intergenic,6.819e-06,4.362,computed GWAS
AD,15,74192341,A,G,rs351226,STRA6,4.788e-06,4.88,computed GWAS
AD,2,105559282,G,T,rs877328,intergenic,4.788e-06,4.88,computed GWAS
AD,19,44892362,G,A,rs2075650,TOMM40,3.796e-06,5.839,computed GWAS
AD,18,10649866,A,G,rs2187478,intergenic,1.138e-07,6.556,computed GWAS
AD,6,29112227,G,A,rs28757581,OR2J3,9.5e-10,8.506,computed GWAS
AD,15,74170288,T,C,rs4887066,intergenic,8.969e-05,4.084,computed GWAS
AD,1,248280508,T,G,rs71538180,intergenic,9.601e-05,4.01,computed GWAS
AD,18,8738851,A,G,rs693405,MTCL1,0.0001021,3.601,computed GWAS
AD,12,70490716,A,G,rs1603228,intergenic,0.0001034,4.875,computed GWAS
AD,21,15509230,T,TAC,21:15509230:T:TAC,,0.0001885,4.588,computed GWAS
AD,9,26942449,A,C,rs12004732,PLAA,0.0001885,4.588,computed GWAS
AD,2,155799161,T,C,rs1518278,intergenic,0.0001885,4.588,computed GWAS
AD,1,27669961,A,G,rs12732199,IFI6,0.0001885,4.588,computed GWAS
AD,7,7279477,T,C,rs10215267,intergenic,0.0001842,3.778,computed GWAS
AD,6,158896480,C,T,rs9457509,C6orf99,0.0001826,3.438,computed GWAS
AD,3,18569663,A,C,rs334961,intergenic,0.000182,3.465,computed GWAS
AD,2,120600679,C,A,rs4849909,intergenic,0.000182,3.465,computed GWAS
AD,5,19788486,T,C,rs10941485,CDH18,0.0001813,3.581,computed GWAS
AD,19,44919689,G,A,rs4420638,APOC1,0.000173,4.032,computed GWAS
AD,2,204964033,A,C,rs236846,PARD3B,0.000171,3.455,computed GWAS
AD,5,132527285,T,G,rs4143832,intergenic,0.0001586,4.432,computed GWAS
AD,11,86150377,G,A,rs7480193,PICALM,,,manually curated
AD,6,13566778,C,G,rs4712037,intergenic,0.0001586,4.432,computed GWAS
AD,2,21333981,A,G,rs4665713,intergenic,0.0001412,3.476,computed GWAS
AD,8,3565496,G,A,rs35581927,CSMD1,0.0001412,3.476,computed GWAS
AD,1,18385834,T,C,rs6684536,intergenic,0.0001301,4.012,computed GWAS
AD,10,29162415,T,C,rs74232825,intergenic,0.0001285,4.326,computed GWAS
AD,9,90060227,A,G,rs10820844,intergenic,0.0001285,4.326,computed GWAS
AD,15,62685500,G,A,rs73435666,TLN2,0.0001285,4.326,computed GWAS
AD,13,49439486,A,C,rs9316453,CAB39L,0.0001285,4.326,computed GWAS
AD,5,133282657,T,G,rs76783838,FSTL4,0.0001277,3.665,computed GWAS
AD,2,138685989,A,G,rs17598060,NXPH2,0.0001201,3.558,computed GWAS
AD,21,39934179,A,G,rs2837305,intergenic,0.0001197,3.688,computed GWAS
AD,11,34350412,A,G,rs80116804,ABTB2,0.0001111,3.857,computed GWAS
AD,10,14392670,C,T,rs7099726,intergenic,0.0001034,4.875,computed GWAS
AD,10,126517194,G,T,rs1436799,C10orf90,0.0001471,4.091,computed GWAS
AD,11,85966796,G,"C,T",rs510566,PICALM,,,manually curated
BMV,9,90060227,A,G,rs10820844,intergenic,5.907e-05,3.673,computed GWAS
BMV,14,38367674,G,GA,rs397733222,intergenic,3.054e-05,3.033,computed GWAS
BMV,18,40295619,C,T,rs7240283,intergenic,3.737e-05,3.017,computed GWAS
BMV,8,52156360,T,C,rs17290977,ST18,5.709e-05,4.185,computed GWAS
BMV,18,40317218,A,G,rs9807769,intergenic,5.978e-05,2.758,computed GWAS
BMV,10,128796300,A,G,rs71476144,intergenic,2.857e-05,3.268,computed GWAS
BMV,10,61543456,A,G,rs1456279,intergenic,2.648e-05,3.147,computed GWAS
BMV,11,119991032,G,A,rs11217615,intergenic,0.0004695,2.639,computed GWAS
BMV,18,63178651,C,T,rs12454712,BCL2,8.947e-05,2.69,computed GWAS
BMV,1,2052788,T,C,rs3128319,PRKCZ,2.441e-05,3.425,computed GWAS
BMV,2,54266200,C,T,rs62139259,ACYP2,2.134e-05,3.587,computed GWAS
BMV,19,14303057,A,G,rs4926110,intergenic,1.886e-05,2.98,computed GWAS
BMV,19,14314541,T,C,rs4926199,LINC01841,1.228e-05,3.058,computed GWAS
BMV,8,124650978,T,C,rs7844234,MTSS1,1.074e-05,3.073,computed GWAS
BMV,12,129284847,A,G,rs12296193,TMEM132D,2.441e-05,3.425,computed GWAS
BMV,8,124603497,C,T,rs752492,MTSS1,9.544e-05,2.689,computed GWAS
BMV,8,129293684,G,A,rs12679760,intergenic,0.0003186,2.862,computed GWAS
BMV,2,54181146,G,T,rs55993481,ACYP2,0.000135,2.644,computed GWAS
BMV,1,2049200,A,G,rs6683042,LOC105378591,0.0004695,2.639,computed GWAS
BMV,8,3780770,C,A,rs10109516,CSMD1,0.0004695,2.639,computed GWAS
BMV,5,160306705,A,G,rs72812289,CCNJL,0.0004695,2.639,computed GWAS
BMV,1,2047625,T,C,rs3128315,intergenic,0.0004695,2.639,computed GWAS
BMV,8,124669169,G,A,rs11774868,MTSS1,0.0004695,2.639,computed GWAS
BMV,1,175232766,A,C,rs998470,intergenic,0.0004506,2.42,computed GWAS
BMV,15,47394066,G,A,rs3198,SEMA6D,0.0004754,2.411,computed GWAS
BMV,1,31329677,A,G,rs12027502,ZCCHC17,0.0004506,2.42,computed GWAS
BMV,7,30963808,T,C,rs2302019,GHRHR,0.0004339,2.459,computed GWAS
BMV,9,81516076,T,TCTC,9:81516076:T:TCTC,,0.0004316,3.345,computed GWAS
BMV,13,66317184,T,C,rs12874413,PCDH9,0.0004167,2.438,computed GWAS
BMV,20,62319414,T,C,rs2297588,LAMA5,0.0004023,2.767,computed GWAS
BMV,9,134410020,A,G,rs3132297,RXRA,0.0004016,2.845,computed GWAS
BMV,4,10483363,C,A,rs6835433,intergenic,0.0004001,2.482,computed GWAS
BMV,3,174406374,T,C,rs6783143,intergenic,0.0004465,2.542,computed GWAS
BMV,3,125084044,C,T,rs2981482,SLC12A8,0.0004754,2.411,computed GWAS
BMV,16,84970668,A,ACTT,rs10666318,intergenic,0.000484,2.41,computed GWAS
BMV,12,114943266,T,C,rs7132327,intergenic,0.0004899,2.41,computed GWAS
BMV,1,8912905,G,A,rs11121258,intergenic,0.0006119,3.421,computed GWAS
BMV,5,32531229,G,A,rs6891927,intergenic,0.000603,2.373,computed GWAS
BMV,3,10725900,T,C,rs1836290,intergenic,0.000603,2.373,computed GWAS
BMV,18,40210342,T,C,rs9961683,intergenic,0.0005995,2.613,computed GWAS
BMV,4,138487927,G,A,rs10018963,intergenic,0.0005785,3.217,computed GWAS
BMV,2,40299536,T,TAAG,rs10527456,SLC8A1,0.0005654,2.466,computed GWAS
BMV,7,105922435,G,A,rs10244533,intergenic,0.0005654,2.466,computed GWAS
BMV,15,80725278,G,A,rs11072937,ABHD17C,0.0005553,2.393,computed GWAS
BMV,9,6996235,C,T,rs818890,KDM4C,0.0005258,3.105,computed GWAS
BMV,1,169682168,A,ACTC,1:169682168:A:ACTC,,0.0005256,2.443,computed GWAS
BMV,18,79518268,T,C,rs77409324,NFATC1,0.0005156,3.379,computed GWAS
BMV,14,101567717,C,T,rs10134976,intergenic,0.0005091,2.746,computed GWAS
BMV,21,44622620,T,C,rs468432,TSPEAR,0.0004962,2.685,computed GWAS
BMV,2,54208453,T,G,rs11125528,ACYP2,0.0004931,2.412,computed GWAS
BMV,12,114943935,G,A,rs10850409,intergenic,0.0004899,2.41,computed GWAS
BMV,22,34963465,C,A,rs5755465,LINC02885,0.0003895,2.709,computed GWAS
BMV,1,81501241,G,T,rs17453965,ADGRL2,0.0003845,2.951,computed GWAS
BMV,13,71122065,A,AGAG,13:71122065:A:AGAG,,0.0003845,2.951,computed GWAS
BMV,11,6113004,AG,A,11:6113004:AG:A,,0.000368,3.784,computed GWAS
BMV,1,81507486,G,A,rs7520545,ADGRL2,0.0002282,3.097,computed GWAS
BMV,5,10631066,C,T,rs6896826,ANKRD33B,0.0002249,2.698,computed GWAS
BMV,17,80801252,C,T,rs72853711,RPTOR,0.0002146,2.952,computed GWAS
BMV,1,118904087,C,T,rs12026324,TBX15,0.0001982,2.898,computed GWAS
BMV,8,138835302,T,C,rs7001094,COL22A1,0.0001901,2.616,computed GWAS
BMV,8,2923386,G,T,rs2627281,LOC105377785,0.0001888,2.581,computed GWAS
BMV,1,234315400,A,G,rs611676,SLC35F3,0.000188,2.589,computed GWAS
BMV,3,72589249,T,C,rs2874805,intergenic,0.000176,2.687,computed GWAS
BMV,4,26291374,GT,G,rs35718093,RBPJ,0.0001692,2.583,computed GWAS
BMV,22,36362502,G,A,rs136211,MYH9,0.0001566,4.035,computed GWAS
BMV,3,134603321,C,A,rs1880375,KY,0.0001566,4.035,computed GWAS
BMV,9,96699528,C,T,rs2083825,intergenic,0.0001544,2.602,computed GWAS
BMV,12,109820304,G,A,rs28619554,TRPV4,0.0001521,2.682,computed GWAS
BMV,22,33519228,A,G,rs911626,LARGE1,0.000151,2.859,computed GWAS
BMV,7,15079450,T,C,rs4140976,intergenic,0.0001464,3.109,computed GWAS
BMV,4,47226273,A,G,rs1442108,GABRB1,0.0002304,2.652,computed GWAS
BMV,5,127658882,A,G,rs248703,CTXN3,0.0001149,3.61,computed GWAS
BMV,19,14256326,T,G,rs10411875,intergenic,0.0002465,2.542,computed GWAS
BMV,14,34078352,T,C,rs2383567,intergenic,0.0002485,2.81,computed GWAS
BMV,1,56566711,A,G,rs79713271,PLPP3,0.000368,3.784,computed GWAS
BMV,22,48175636,A,G,rs5768418,intergenic,0.0003662,2.667,computed GWAS
BMV,4,184958533,A,G,rs67506966,intergenic,0.0003658,2.509,computed GWAS
BMV,5,160299460,A,G,rs35403629,CCNJL,0.0003654,2.6,computed GWAS
BMV,2,17887259,T,C,rs62130421,KCNS3,0.000359,3.317,computed GWAS
BMV,11,126591315,G,A,rs578341,KIRREL3,0.0003234,2.475,computed GWAS
BMV,18,40242623,A,G,rs7229919,intergenic,9.236e-06,3.313,computed GWAS
BMV,13,100075336,C,T,rs7321870,intergenic,0.0003168,2.788,computed GWAS
BMV,5,147173806,C,T,rs40474,intergenic,0.0002969,3.296,computed GWAS
BMV,6,78339479,T,G,rs9448372,intergenic,0.0002969,3.296,computed GWAS
BMV,3,119377521,C,T,rs74586253,ARHGAP31,0.0002969,3.296,computed GWAS
BMV,6,121642641,T,C,rs6902183,intergenic,0.0002969,3.296,computed GWAS
BMV,21,32422208,T,C,rs2833801,EVA1C,0.0002868,2.57,computed GWAS
BMV,4,47271442,T,C,rs10018597,GABRB1,0.0002845,2.695,computed GWAS
BMV,9,78373816,T,C,rs79403970,intergenic,0.0002485,2.81,computed GWAS
BMV,14,43471104,C,T,rs4906474,intergenic,0.0002472,3.186,computed GWAS
BMV,9,22115106,A,C,rs10965235,CDKN2B-AS1,8.492e-06,3.591,computed GWAS
BMV,5,151094519,G,T,rs999557,intergenic,1.023e-05,3.068,computed GWAS
BMV,14,38335052,C,A,rs1168458,intergenic,3.128e-06,3.93,computed GWAS
BMV,2,240720695,G,"A,C",rs79059320,KIF1A,,,manually curated
BMV,8,19283889,T,"A,C",rs56006858,PSD3 - SH2D4A,,,manually curated
BMV,2,49913817,C,T,rs11883523,SNORA75 - NRXN1,,,manually curated
BMV,5,132229777,C,T,rs75413826,P4HA2,,,manually curated
BMV,20,11057736,C,T,rs79413635,LINC02871 - RPS11P1,,,manually curated
BMV,17,15036260,C,T,rs12950395,CDRT7 - CDRT8,,,manually curated
BMV,12,121802256,A,G,rs777399929,"RHOF, LINC01089",,,manually curated
BMV,9,22103814,A,"C,G",rs1333042,CDKN2B-AS1,,,manually curated
BMV,12,111730205,G,A,rs11066015,ACAD10,,,manually curated
BMV,17,68423250,T,TC,17:68423250:T:TC,,5.972e-06,3.974,computed GWAS
BMV,12,110912851,A,T,rs3782889,MYL2,,,manually curated
BMV,13,28409926,C,"G,T",rs9508025,FLT1,,,manually curated
BMV,6,32701596,C,T,rs11752643,HLA-DQB1 - MTCO3P1,,,manually curated
BMV,9,22115287,T,"A,C,G",rs944797,CDKN2B-AS1,,,manually curated
BMV,1,109279544,G,"A,C,T",rs599839,CELSR2 - PSRC1,,,manually curated
BMV,7,93714028,C,T,rs376825901,GNGT1,,,manually curated
BMV,15,67166301,T,C,rs17228212,SMAD3,,,manually curated
BMV,10,88068397,C,T,rs73346517,MED6P1 - RNLS,,,manually curated
BMV,4,84290791,C,A,rs7438816,LINC02994,,,manually curated
BMV,4,110812980,T,"A,C,G",rs3853444,LINC01438 - MIR297,,,manually curated
BMV,15,84545426,T,C,rs3883013,"UBE2Q2P1, UBE2Q2P1",,,manually curated
BMV,12,121811142,G,"A,C,T",rs895953,SETD1B,,,manually curated
BMV,12,108701361,A,"G,T",rs3741782,CORO1C,,,manually curated
BMV,9,16904848,C,T,rs7033354,BNC2 - RN7SL720P,,,manually curated
BMV,12,132493308,G,A,rs12423664,FBRSL1,,,manually curated
BMV,7,44176538,G,"A,C,T",rs2908290,GCK,,,manually curated
BMV,15,74785026,C,"A,T",rs1378942,CSK,,,manually curated
BMV,10,130464171,G,A,rs58768859,LINC02646,,,manually curated
BMV,1,105639253,C,T,rs12145797,LINC01676 - SEPTIN2P1,,,manually curated
BMV,4,40630591,G,"A,C",rs7690530,RBM47,,,manually curated
BMV,7,47305404,T,"A,C",rs6959554,TNS3,,,manually curated
BMV,2,43860473,A,"C,G,T",rs114309202,ABCG8,,,manually curated
BMV,3,104093582,A,"C,G",rs17533293,RAP1BP2 - EZRP1,,,manually curated
BMV,1,69721078,G,"A,C",rs866003556,LRRC7,,,manually curated
BMV,4,11348576,G,A,rs114906338,LINC02498 - MIR572,,,manually curated
BMV,6,150931849,G,A,rs6922269,MTHFD1L,,,manually curated
BMV,2,226203364,A,"C,G,T",rs2943634,NYAP2 - MIR5702,,,manually curated
BMV,10,44258419,T,"A,C",rs501120,LINC00841 - LINC02881,,,manually curated
BMV,6,12888772,C,T,rs1332844,PHACTR1,,,manually curated
BMV,9,22098575,A,"G,T",rs4977574,CDKN2B-AS1,,,manually curated
BMV,11,103789839,T,"A,C",rs974819,DYNC2H1 - MIR4693,,,manually curated
BMV,4,147126398,C,"A,G,T",rs1395821,TTC29 - MIR548G,,,manually curated
BMV,17,33960430,G,A,rs11650066,ASIC2,,,manually curated
BMV,9,97977842,C,"A,G,T",rs4743150,HEMGN - ANP32B,,,manually curated
BMV,1,109275908,C,"G,T",rs646776,CELSR2 - PSRC1,,,manually curated
BMV,10,89243170,C,"G,T",rs1412444,LIPA,,,manually curated
BMV,10,102959339,G,A,rs12413409,CNNM2,,,manually curated
BMV,6,159225301,T,C,rs365302,FNDC1,,,manually curated
BMV,6,81805598,G,A,rs16893526,SNORA70 - LINC01526,,,manually curated
BMV,9,22031006,G,"A,C,T",rs7865618,CDKN2B-AS1,,,manually curated
BMV,1,240282296,T,C,rs17672135,FMN2,,,manually curated
BMV,22,26293669,C,"A,T",rs688034,SEZ6L,,,manually curated
BMV,16,83178793,G,"A,C,T",rs8055236,CDH13,,,manually curated
BMV,2,187478770,T,"C,G",rs7586970,"CALCRL-AS1, TFPI",,,manually curated
BMV,17,64330939,A,G,rs6504218,PECAM1,,,manually curated
BMV,15,74741059,A,"G,T",rs2472299,CYP1A1 - CYP1A2,,,manually curated
BMV,2,187331742,T,"A,C,G",rs840616,CALCRL-AS1,,,manually curated
BMV,1,222650187,T,"A,C",rs17465637,MIA3,,,manually curated
BMV,9,22125504,G,"A,C",rs1333049,CDKN2B-AS1,,,manually curated
BMV,16,4390744,C,"A,G,T",rs917306,"CORO7-PAM16, CORO7",,,manually curated
BMV,13,70382799,A,"G,T",rs9542292,ATXN8OS - RNU6-54P,,,manually curated
BMV,14,84366843,T,C,rs77053486,MTCYBP27 - RNU6-976P,,,manually curated
BMV,3,138403280,C,"A,T",rs9818870,MRAS,,,manually curated
BMV,12,120997784,G,"A,T",rs2259816,HNF1A,,,manually curated
BMV,1,202500595,T,C,rs12734338,PPP1R12B,,,manually curated
BMV,10,30027143,C,"A,G",rs3739998,JCAD,,,manually curated
BMV,6,160442500,T,C,rs2048327,SLC22A3,,,manually curated
BMV,6,160541471,T,C,rs7767084,LPA,,,manually curated
BMV,6,160486102,C,T,rs3127599,LPAL2,,,manually curated
BMV,15,78818751,C,"G,T",rs4380028,MORF4L1,,,manually curated
BMV,7,107604100,C,T,rs10953541,"DUS4L-BCAP29, BCAP29",,,manually curated
BMV,10,30046193,T,"A,C",rs2505083,JCAD,,,manually curated
BMV,X,110695977,T,"A,G",rs5943057,CHRDL1,,,manually curated
BMV,6,160548706,C,G,rs10755578,LPA,,,manually curated
BMV,10,44280862,C,T,rs1746049,LINC00841 - LINC02881,,,manually curated
BMV,12,111241410,C,T,rs886126,CUX2,,,manually curated
BMV,9,22088095,A,"C,G,T",rs10738607,CDKN2B-AS1,,,manually curated
BMV,10,80468431,A,G,rs2343305,TSPAN14,,,manually curated
BMV,15,101355666,C,T,rs12593069,PCSK6,,,manually curated
BMV,12,103518728,T,"C,G",rs10861032,C12orf42 - LINC02401,,,manually curated
BMV,12,89624457,C,A,rs12818945,ATP2B1,,,manually curated
BMV,18,63015882,C,T,rs8095193,PHLPP1 - BCL2,,,manually curated
BMV,15,61195932,,,,,,,manually curated
BMV,17,30331990,,,,,,,manually curated
BMV,6,30071463,G,T,rs2301753,RNF39,,,manually curated
BMV,14,38551301,T,A,rs10498345,CLEC14A - KRT8P1,,,manually curated
BMV,6,30956152,T,C,rs9368648,SFTA2 - NAPGP2,,,manually curated
BMV,12,79763772,G,A,rs17005877,PPP1R12A-AS2,,,manually curated
BMV,7,6330775,C,T,rs3750040,FAM220A,9.07e-09,5.72,computed GWAS
BMV,9,111690726,G,A,rs10981012,SHOC1,,,manually curated
BMV,13,75174300,G,T,rs10673627,intergenic,2.619e-08,4.522,computed GWAS
BMV,2,143320701,CA,C,rs140041236,ARHGAP15,6.912e-07,4.716,computed GWAS
BMV,18,40340154,G,A,rs16973101,intergenic,1.026e-06,3.732,computed GWAS
BMV,10,14995357,C,A,rs7100953,intergenic,1.965e-06,3.923,computed GWAS
BMV,3,171548961,G,T,rs6778944,MTCO1P58 - PLD1,,,manually curated
BMV,8,13664494,T,"C,G",rs7835529,DLC1 - SGCZ,,,manually curated
BMV,19,37334937,C,T,rs66505733,ZNF875,2.617e-08,6.637,computed GWAS
BMV,1,56500678,A,G,rs17114046,PLPP3,,,manually curated
BMV,3,156287165,C,T,rs13082914,KCNAB1,,,manually curated
BMV,4,150108918,A,G,rs9985766,DCLK2,,,manually curated
BMV,5,52889863,G,"A,T",rs16880442,"B3GNTL1P1, ITGA1",,,manually curated
BMV,6,156266980,C,T,rs17775862,MIR1202 - SNORD28B,,,manually curated
BMV,8,72230147,C,T,rs12541758,MSC-AS1 - RNA5SP271,,,manually curated
BMV,2,198223806,A,"C,G,T",rs7421388,PLCL1,,,manually curated
BMV,12,111803962,G,A,rs671,ALDH2,,,manually curated
BMV,11,5884973,T,"A,C,G",rs11823828,"OR52E4, TRIM5",,,manually curated
BMV,6,12903725,A,"C,G,T",rs9349379,PHACTR1,,,manually curated
BMV,19,2934109,G,A,rs146879198,ZNF77,,,manually curated
BMV,15,40289298,C,T,rs200787930,PLCB2,,,manually curated
BMV,4,164197303,G,T,rs61734696,"MARCHF1, ANP32C",,,manually curated
BMV,15,91013841,C,T,rs199921354,VPS33B,,,manually curated
BMV,4,73741568,G,"A,T",rs188378669,CXCL8,,,manually curated
BMV,4,61909615,G,T,rs192210727,ADGRL3,,,manually curated
BMV,1,151170961,G,A,rs115287176,TMOD4,,,manually curated
BMV,2,237371861,C,T,rs146092501,COL6A3,,,manually curated
BTM,19,37334937,C,T,rs66505733,ZNF875,6.726e-11,8.519,computed GWAS
BTM,5,178057840,T,C,rs4246820,FAM153CP,0.0003231,2.515,computed GWAS
BTM,20,53732841,G,A,rs6022703,intergenic,0.0003231,2.515,computed GWAS
BTM,11,9874618,T,C,rs10500710,LOC101928008,0.0003183,2.607,computed GWAS
BTM,18,79518268,T,C,rs77409324,NFATC1,0.0003113,3.493,computed GWAS
BTM,15,54362161,T,C,rs28489023,UNC13C,0.0003113,3.493,computed GWAS
BTM,8,53214479,G,GT,8:53214479:G:GT,,0.0003113,3.493,computed GWAS
BTM,11,69549942,G,T,rs11263492,intergenic,3.299e-05,2.842,computed GWAS
BTM,3,73948014,A,G,rs59776999,intergenic,2.876e-10,6.33,computed GWAS
BTM,6,3765457,C,T,rs10458078,intergenic,0.0002969,3.296,computed GWAS
BTM,13,75174300,G,T,rs10673627,intergenic,1.817e-06,3.686,computed GWAS
BTM,4,16000665,C,T,rs17478107,PROM1,0.0002969,3.296,computed GWAS
BTM,10,128796300,A,G,rs71476144,intergenic,3.866e-07,4.332,computed GWAS
BTM,4,185646865,G,A,rs2306708,SORBS2,0.0002967,2.809,computed GWAS
BTM,11,84683579,T,C,rs11234125,DLG2,0.0002961,2.744,computed GWAS
BTM,2,33457536,T,G,rs6543714,RASGRP3,0.0002841,2.502,computed GWAS
BTM,4,77122262,C,T,rs61420325,intergenic,0.0002807,3.178,computed GWAS
BTM,6,30397852,T,C,rs11961853,intergenic,0.0003256,3.009,computed GWAS
BTM,7,12027358,T,C,rs2966608,intergenic,1.347e-05,2.991,computed GWAS
BTM,7,31431879,A,G,rs57569903,intergenic,0.0003301,2.549,computed GWAS
BTM,16,5323571,A,G,rs76890425,intergenic,0.000363,3.545,computed GWAS
BTM,4,93651181,C,T,rs11940525,GRID2,0.0003388,3.19,computed GWAS
BTM,9,78564401,A,C,rs1105791,intergenic,0.000486,3.009,computed GWAS
BTM,4,121280240,C,T,rs17051334,intergenic,0.0004809,3.688,computed GWAS
BTM,6,90642789,C,T,rs2750451,intergenic,0.0004802,3.596,computed GWAS
BTM,16,59194482,T,C,rs11643282,intergenic,0.0004694,2.702,computed GWAS
BTM,13,27346474,C,T,rs9512637,intergenic,0.0004694,2.702,computed GWAS
BTM,13,27341517,T,C,rs34210081,intergenic,0.0004694,2.702,computed GWAS
BTM,6,129687300,C,A,rs12660691,ARHGAP18,0.0004637,2.776,computed GWAS
BTM,17,9234745,T,C,rs56366919,NTN1,0.0004465,2.542,computed GWAS
BTM,21,18157163,T,C,rs77039766,CHODL,0.0004383,2.607,computed GWAS
BTM,21,18154732,T,C,rs11088668,CHODL,0.0004383,2.607,computed GWAS
BTM,7,130716393,T,TAA,7:130716393:T:TAA,,0.000407,3.207,computed GWAS
BTM,17,76198278,C,T,rs4525514,RNF157,0.0003301,2.549,computed GWAS
BTM,4,185684581,C,A,rs62336104,SORBS2,0.000407,3.207,computed GWAS
BTM,12,30081263,C,T,rs11050637,intergenic,0.0004016,2.845,computed GWAS
BTM,1,12191751,G,T,rs653667,MIR4632,0.0003782,2.443,computed GWAS
BTM,13,64728787,T,G,rs61950068,intergenic,0.0003744,2.512,computed GWAS
BTM,5,175542905,A,G,rs13164814,intergenic,0.0003716,2.792,computed GWAS
BTM,11,9902828,A,G,rs10500713,LOC101928008,0.0003706,2.559,computed GWAS
BTM,10,61543456,A,G,rs1456279,intergenic,0.0003636,2.671,computed GWAS
BTM,3,875618,T,C,rs4686262,intergenic,0.0003636,2.671,computed GWAS
BTM,16,26806805,G,A,rs1040287,intergenic,4.006e-05,3.624,computed GWAS
BTM,3,25316379,A,G,rs1483840,RARB,0.000363,3.545,computed GWAS
BTM,4,113082139,G,A,rs67235248,ANK2,0.000363,3.545,computed GWAS
BTM,4,169315812,C,T,rs4692712,intergenic,0.000356,2.885,computed GWAS
BTM,8,13633110,G,A,rs13267093,LOC102725080,0.000407,3.207,computed GWAS
BTM,14,99657150,C,T,rs36033161,HHIPL1,5.208e-05,2.925,computed GWAS
BTM,21,18146324,C,G,rs73312496,CHODL,7.087e-05,2.938,computed GWAS
BTM,13,100075336,C,T,rs7321870,intergenic,5.559e-05,3.091,computed GWAS
BTM,11,10211609,C,T,rs1822295,SBF2,0.0001631,2.719,computed GWAS
BTM,9,130917287,A,AAGAC,9:130917287:A:AAGAC,,0.000166,3.065,computed GWAS
BTM,6,33575632,A,C,rs210139,BAK1,0.0001755,2.748,computed GWAS
BTM,2,145690419,T,C,rs16825363,intergenic,0.0001768,2.559,computed GWAS
BTM,15,96943482,A,G,rs76617038,intergenic,0.0001843,3.839,computed GWAS
BTM,15,96909599,A,G,rs7174062,intergenic,0.0001843,3.839,computed GWAS
BTM,8,52156360,T,C,rs17290977,ST18,0.0001843,3.839,computed GWAS
BTM,15,96927756,G,A,rs2191554,intergenic,0.0001843,3.839,computed GWAS
BTM,9,90060227,A,G,rs10820844,intergenic,0.0001881,3.387,computed GWAS
BTM,9,69221535,G,A,rs11137566,TJP2,0.0001881,3.387,computed GWAS
BTM,6,31269123,A,G,.,HLA-C,0.0001881,3.387,computed GWAS
BTM,4,185697150,G,A,rs955263,SORBS2,0.0001888,2.581,computed GWAS
BTM,12,106284779,T,C,rs10861569,intergenic,0.0002146,3.018,computed GWAS
BTM,15,59846871,C,G,rs17237054,intergenic,0.0002225,2.623,computed GWAS
BTM,2,224966520,A,G,rs10176225,DOCK10,0.0002239,3.415,computed GWAS
BTM,8,69924995,A,G,rs7843395,intergenic,0.0002314,3.169,computed GWAS
BTM,8,69933566,A,G,rs12335270,intergenic,0.0002314,3.169,computed GWAS
BTM,7,36358964,G,A,rs17170574,KIAA0895,0.0002314,3.169,computed GWAS
BTM,12,106271300,C,T,rs1148408,intergenic,0.0002454,2.972,computed GWAS
BTM,2,10290936,C,A,rs7590528,intergenic,0.0002492,2.502,computed GWAS
BTM,1,105869807,G,A,rs790615,intergenic,0.0002669,2.502,computed GWAS
BTM,18,59727801,T,C,rs1791309,intergenic,0.0001606,3.763,computed GWAS
BTM,10,78897602,T,G,rs2813477,intergenic,5.559e-05,3.091,computed GWAS
BTM,3,123457900,G,A,rs4678030,intergenic,0.0001574,2.604,computed GWAS
BTM,1,105910696,C,T,rs1380289,intergenic,0.0001397,2.607,computed GWAS
BTM,8,2040865,G,A,rs7010748,intergenic,5.631e-05,3.018,computed GWAS
BTM,8,139591003,C,T,rs7005323,intergenic,5.718e-05,2.803,computed GWAS
BTM,4,18850364,T,G,rs938840,intergenic,6.018e-05,3.914,computed GWAS
BTM,12,80204064,T,C,rs10778719,OTOGL,6.479e-05,2.769,computed GWAS
BTM,8,139599511,A,G,rs2431300,intergenic,6.592e-05,2.804,computed GWAS
BTM,9,69178824,A,G,rs10781464,TJP2,6.929e-05,3.987,computed GWAS
BTM,12,67453680,G,A,rs1161098,intergenic,8.217e-05,3.17,computed GWAS
BTM,9,69133354,C,T,rs11145394,TJP2,8.868e-05,3.059,computed GWAS
BTM,13,110819895,A,C,rs2182572,LOC105370362,9.671e-05,2.698,computed GWAS
BTM,11,10191924,C,CT,11:10191924:C:CT,,9.934e-05,2.818,computed GWAS
BTM,8,18850361,G,A,rs7833787,PSD3,0.0004862,3.229,computed GWAS
BTM,6,5335748,C,T,rs809962,FARS2,9.994e-05,2.728,computed GWAS
BTM,6,5351055,A,G,rs9392676,FARS2,0.0001135,2.734,computed GWAS
BTM,8,29552683,C,T,rs10103104,intergenic,0.0001135,2.734,computed GWAS
BTM,3,25347919,C,T,rs10510567,RARB,0.0001185,3.649,computed GWAS
BTM,3,13664456,T,C,rs62233035,LINC00620,0.000126,3.162,computed GWAS
BTM,13,99313841,G,A,rs4772187,UBAC2,0.0001317,3.257,computed GWAS
BTM,12,97033988,GCTTTA,G,rs10643768,intergenic,0.0001346,2.632,computed GWAS
BTM,3,72264564,G,A,rs4464415,intergenic,0.0001353,2.605,computed GWAS
BTM,17,70673898,G,A,rs17792098,intergenic,0.0001391,3.035,computed GWAS
BTM,9,69155838,T,C,rs4339703,TJP2,0.0001391,3.035,computed GWAS
BTM,7,105637186,A,G,rs10953479,ATXN7L1,0.0001397,2.607,computed GWAS
BTM,10,7522110,G,C,rs34313606,intergenic,0.0004899,2.41,computed GWAS
BTM,11,10276503,T,C,rs10840382,SBF2,0.0002774,2.548,computed GWAS
BTM,4,76537426,A,"C,G,T",rs4256249,SHROOM3,,,manually curated
BTM,3,142088295,C,"A,G",rs347685,TFDP2,,,manually curated
BTM,1,150979001,T,C,rs267734 ,"CERS2,ANXA9",,,manually curated
BTM,16,20354332,A,G,rs13333226,UMOD_promoter,,,manually curated
BTM,7,6330775,C,T,rs3750040,FAM220A,0.0002676,3.432,computed GWAS
LX,9,75337222,C,T,rs943503,intergenic,0.0001797,2.989,computed GWAS
LX,9,100908522,T,C,rs10760778,intergenic,0.0005324,2.398,computed GWAS
LX,6,114430583,G,T,rs6902333,intergenic,0.0005261,2.847,computed GWAS
LX,22,33519228,A,G,rs911626,LARGE1,0.0005253,2.599,computed GWAS
LX,1,106702554,G,A,rs12406406,intergenic,0.0005211,2.434,computed GWAS
LX,5,179353788,T,G,rs255022,intergenic,0.0005194,2.379,computed GWAS
LX,17,20794484,A,C,rs3930821,intergenic,0.0005194,2.379,computed GWAS
LX,13,21160810,T,G,rs17345648,SKA3,0.0004962,2.52,computed GWAS
LX,11,11097475,T,C,rs1027712,intergenic,0.0004835,2.491,computed GWAS
LX,16,65879316,T,TA,16:65879316:T:TA,,0.0004835,2.491,computed GWAS
LX,20,4911113,A,G,rs6133175,SLC23A2,0.0001797,2.525,computed GWAS
LX,4,703407,G,A,rs28547545,intergenic,0.0004678,2.404,computed GWAS
LX,6,39348016,C,A,rs9462535,KIF6,0.0004705,2.43,computed GWAS
LX,1,106677266,A,G,rs10881443,intergenic,0.0005324,2.398,computed GWAS
LX,9,484745,A,G,rs4742043,KANK1,0.0004414,2.396,computed GWAS
LX,15,101590601,A,G,rs12438911,intergenic,0.000425,2.417,computed GWAS
LX,6,39357302,A,G,rs20455,KIF6,0.000416,2.395,computed GWAS
LX,3,72652509,C,T,rs2046869,intergenic,0.0004117,2.464,computed GWAS
LX,14,76178280,G,A,rs2121069,GPATCH2L,0.0004045,2.415,computed GWAS
LX,11,68390433,G,A,rs66787665,LRP5,0.0003763,2.927,computed GWAS
LX,18,6720416,A,C,rs7229906,intergenic,0.0003755,2.993,computed GWAS
LX,1,4047106,C,T,rs75864646,intergenic,0.0003602,3.74,computed GWAS
LX,8,28206900,G,A,rs12675992,intergenic,0.0004705,2.43,computed GWAS
LX,22,48525853,T,C,rs6007879,TAFA5,0.0005381,2.71,computed GWAS
LX,5,124665918,G,T,rs115630000,ZNF608,0.0005481,3.519,computed GWAS
LX,12,132388651,T,G,rs28607788,intergenic,0.0005476,3.318,computed GWAS
LX,11,68321363,G,T,rs4988300,LRP5,,,manually curated
LX,6,151842246,A,G,rs9340799,,,,manually curated
LX,6,151842200,T,"C,G",rs2234693,ESR1,,,manually curated
LX,5,126582456,A,G,rs13182402,ALDH7A1 ,,,manually curated
LX,12,49941303,C,T,rs296742,intergenic,0.000671,2.43,computed GWAS
LX,2,221090106,C,T,rs58737673,intergenic,0.0006472,2.58,computed GWAS
LX,2,128421665,G,A,rs4662808,intergenic,0.0006472,2.58,computed GWAS
LX,12,10044184,G,A,rs6488246,CLEC9A,0.0006472,2.58,computed GWAS
LX,1,3658540,T,TG,1:3658540:T:TG,,0.0006337,2.492,computed GWAS
LX,15,95669104,C,A,rs7173883,intergenic,0.0006312,2.846,computed GWAS
LX,18,29270539,C,T,rs8085660,intergenic,0.0006271,2.646,computed GWAS
LX,1,89335435,A,C,rs4658310,intergenic,0.0006249,3.37,computed GWAS
LX,6,156030682,C,T,rs1349239,intergenic,0.0006249,3.37,computed GWAS
LX,4,172842703,G,A,rs12642595,GALNTL6,0.0006197,2.794,computed GWAS
LX,2,168520900,C,T,rs11690302,CERS6,0.0006131,2.341,computed GWAS
LX,2,163587795,T,C,rs12692700,intergenic,0.0006055,2.464,computed GWAS
LX,5,142253896,T,G,rs2908528,intergenic,0.0005963,2.399,computed GWAS
LX,14,27545976,A,G,rs1892556,LOC728755,0.0005789,2.353,computed GWAS
LX,11,116325659,A,G,rs17565569,intergenic,0.000567,2.446,computed GWAS
LX,1,228795637,C,T,rs241283,intergenic,0.0005501,2.64,computed GWAS
LX,4,121280240,C,T,rs17051334,intergenic,0.0003602,3.74,computed GWAS
LX,11,110883333,C,A,rs2216814,intergenic,0.0005476,3.318,computed GWAS
LX,5,163930748,G,A,rs1422545,intergenic,0.0003602,3.74,computed GWAS
LX,9,79255896,G,A,rs1753061,intergenic,0.0004706,2.398,computed GWAS
LX,9,129712278,G,T,rs10988482,PRRX2,0.0003384,2.694,computed GWAS
LX,1,13898427,T,C,rs76558388,intergenic,2.222e-05,4.128,computed GWAS
LX,3,124631772,A,C,rs12152359,KALRN,2.339e-05,3.42,computed GWAS
LX,5,125348122,C,T,rs10060296,LOC101927421,2.745e-05,2.985,computed GWAS
LX,1,7187316,T,C,rs12125984,CAMTA1,3.311e-05,2.801,computed GWAS
LX,16,56282943,G,GAAGA,16:56282943:G:GAAGA,,4.497e-05,2.759,computed GWAS
LX,1,248280508,T,G,rs71538180,intergenic,5.027e-05,3.271,computed GWAS
LX,10,61543456,A,G,rs1456279,intergenic,5.551e-05,2.968,computed GWAS
LX,11,39472573,A,G,rs28529154,intergenic,5.725e-05,4.0,computed GWAS
LX,9,75381780,T,C,rs78898169,intergenic,6.06e-05,3.276,computed GWAS
LX,15,79778683,G,A,rs74025905,intergenic,7.12e-05,2.888,computed GWAS
LX,14,57633937,G,A,rs8016412,SLC35F4,0.0003537,3.211,computed GWAS
LX,5,151233098,A,G,rs72792162,intergenic,0.000103,3.311,computed GWAS
LX,13,75174300,G,T,rs10673627,intergenic,0.0001073,2.917,computed GWAS
LX,11,131086234,T,C,rs2298833,intergenic,0.0001274,3.129,computed GWAS
LX,16,25716109,G,A,rs12445387,HS3ST4,0.000128,3.23,computed GWAS
LX,11,18798704,C,T,rs10832987,intergenic,0.000134,2.699,computed GWAS
LX,6,117681173,A,G,rs4132566,NUS1,0.0001415,2.772,computed GWAS
LX,6,97095261,C,T,rs1206133,KLHL32,0.0001415,2.772,computed GWAS
LX,18,10649866,A,G,rs2187478,intergenic,0.0001428,3.354,computed GWAS
LX,6,114516017,G,A,rs4245468,intergenic,0.0001509,2.574,computed GWAS
LX,6,31269123,A,G,.,HLA-C,0.0001666,3.383,computed GWAS
LX,19,54506292,T,C,rs4806768,LAIR2,0.0001757,2.706,computed GWAS
LX,12,30109865,A,G,rs11050660,intergenic,0.0001797,2.989,computed GWAS
LX,1,13900084,A,G,rs60679408,intergenic,2.222e-05,4.128,computed GWAS
LX,8,69924995,A,G,rs7843395,intergenic,2.17e-05,3.638,computed GWAS
LX,6,156388647,C,T,rs2354992,intergenic,7.201e-05,2.694,computed GWAS
LX,9,93708028,G,A,rs62574024,intergenic,1.93e-05,3.416,computed GWAS
LX,1,106646581,A,G,rs12044988,intergenic,0.0003239,2.495,computed GWAS
LX,11,39452829,C,T,rs10742494,intergenic,0.0003237,2.767,computed GWAS
LX,1,201145534,T,C,rs12041223,TMEM9,0.0003142,2.988,computed GWAS
LX,8,53314341,T,C,rs76750831,intergenic,0.0003057,3.325,computed GWAS
LX,16,7531440,G,A,rs11648978,RBFOX1,0.0002761,3.833,computed GWAS
LX,1,244170771,C,T,rs56172543,intergenic,0.0002736,2.712,computed GWAS
LX,20,12243220,G,A,rs4814070,intergenic,0.0002723,2.836,computed GWAS
LX,7,13802590,G,GT,7:13802590:G:GT,,0.0002567,3.168,computed GWAS
LX,22,37661331,G,A,rs139818903,PDXP,2.043e-05,2.983,computed GWAS
LX,16,26806805,G,A,rs1040287,intergenic,0.0002567,3.168,computed GWAS
LX,17,56751417,A,G,rs12950658,intergenic,0.0002541,2.47,computed GWAS
LX,15,101470106,A,C,rs9806745,PCSK6,0.000225,2.528,computed GWAS
LX,8,69933566,A,G,rs12335270,intergenic,2.17e-05,3.638,computed GWAS
LX,1,244380918,G,A,rs58371023,C1orf100,0.0002174,2.986,computed GWAS
LX,1,119804153,G,C,rs17024295,REG4,0.0001932,3.419,computed GWAS
LX,2,120699283,T,C,rs965959,intergenic,0.0002194,3.273,computed GWAS
LX,6,29112227,G,A,rs28757581,OR2J3,6.088e-16,10.08,computed GWAS
LX,19,37334937,C,T,rs66505733,ZNF875,2.876e-12,9.492,computed GWAS
LX,7,6330775,C,T,rs3750040,FAM220A,1.648e-07,4.866,computed GWAS
LX,4,91528555,G,A,rs1922223,CCSER1,0.0001802,2.798,computed GWAS
LX,17,53919572,T,G,rs16953928,intergenic,1.75e-06,4.919,computed GWAS
LX,9,75329169,T,C,rs59892183,intergenic,5.709e-06,4.067,computed GWAS
LX,6,38923292,G,T,rs4714199,DNAH8-AS1,8.291e-06,3.075,computed GWAS
LX,2,128439038,C,T,rs4662818,intergenic,0.0002003,2.879,computed GWAS
LX,12,30081263,C,T,rs11050637,intergenic,0.0002055,2.946,computed GWAS
LX,9,130917287,A,AAGAC,9:130917287:A:AAGAC,,3.076e-07,4.218,computed GWAS
PD,6,152099995,T,"C,G",rs3798577,ESR1,,,manually curated
PD,12,40186638,G,"A,T",rs2046932,LRRK2,,,manually curated
PD,12,40084850,G,"A,T",rs2708453,LRRK2,,,manually curated
PD,12,40080345,C,"A,T",rs4768212,LRRK2,,,manually curated
PD,12,40072140,T,"A,C,G",rs7304279,LRRK2,,,manually curated
PD,12,40034759,G,"A,C,T",rs1994090,LRRK2,,,manually curated
PD,4,89859751,C,"A,G,T",rs6532194,SNCA,,,manually curated
PD,4,89813384,T,G,rs894278,SNCA,,,manually curated
PD,4,15736314,A,"G,T",rs4538475,BST1,,,manually curated
PD,4,15735725,G,"A,T",rs4698412,BST1,,,manually curated
PD,12,40363526,G,A,rs34778348,LRRK2,,,manually curated
PD,3,183042285,T,G,rs10513789,MCCC1,,,manually curated
PD,3,183044649,G,"A,C",rs12637471,MCCC1,,,manually curated
PD,4,89718364,G,"A,C,T",rs11931074,SNCA_3'-region,,,manually curated
PD,4,89797844,C,T,rs62306323,SNCA_intron 4,,,manually curated
PD,4,89801249,C,T,rs7689942 ,SNCA_intron 4,,,manually curated
PD,4,89754087,A,"G,T",rs3857059,SNCA,,,manually curated
PD,1,205669336,C,"G,T",rs16856139,PARK16,,,manually curated
PD,1,205755900,C,"G,T",rs823122 ,PARK16,,,manually curated
PD,1,205795512,G,"A,C,T",rs823156,PARK16,,,manually curated
PD,1,205808652,G,"A,C",rs708730,PARK16,,,manually curated
PD,1,205838885,C,"A,T",rs11240572,PARK16,,,manually curated
PD,4,15724143,T,C,rs11931532,BST1,,,manually curated
PD,4,15727911,G,A,rs12645693,BST1,,,manually curated
PD,1,205744250,G,"A,C,T",rs823128,PARK16,,,manually curated
PD,1,205783537,A,G,rs947211,PARK16,,,manually curated
PD,9,130917287,A,AAGAC,9:130917287:A:AAGAC,,7.008e-10,6.194,computed GWAS
PD,3,190183516,T,C,rs11717251,intergenic,0.0002404,3.346,computed GWAS
PD,11,56535570,T,C,rs591801,intergenic,0.0003554,3.73,computed GWAS
PD,14,43471104,C,T,rs4906474,intergenic,0.0003541,3.302,computed GWAS
PD,19,54448171,A,G,rs10424856,LENG8-AS1,0.0003499,2.725,computed GWAS
PD,14,21219729,A,AT,14:21219729:A:AT,,0.0003494,2.944,computed GWAS
PD,9,15764180,A,G,rs10733301,CCDC171,0.0003138,2.7,computed GWAS
PD,19,54424853,A,C,rs58089667,TTYH1,0.0003106,2.734,computed GWAS
PD,20,4982595,C,T,rs2748899,SLC23A2,0.0003106,2.734,computed GWAS
PD,7,136488819,G,A,rs10488619,intergenic,0.0003017,3.45,computed GWAS
PD,3,120762559,G,A,rs9811769,GTF2E1,0.0003017,3.45,computed GWAS
PD,22,27561200,C,T,rs117110589,intergenic,0.0003017,3.45,computed GWAS
PD,2,19726067,C,T,rs17562736,intergenic,0.0002986,3.138,computed GWAS
PD,11,64095933,G,A,rs660070,intergenic,0.0002986,3.138,computed GWAS
PD,5,147260760,G,A,rs62380975,STK32A,0.0002984,2.717,computed GWAS
PD,1,200892467,C,T,rs968549,INAVA,0.0002733,3.877,computed GWAS
PD,2,210630863,T,C,rs12468557,CPS1,0.0002733,3.877,computed GWAS
PD,8,25640681,T,C,rs34282043,intergenic,0.0002733,3.877,computed GWAS
PD,1,233039672,A,G,rs12065515,PCNX2,0.0002733,3.877,computed GWAS
PD,14,25829376,G,A,rs78324405,intergenic,0.0002709,4.022,computed GWAS
PD,1,169682168,A,ACTC,1:169682168:A:ACTC,,0.0002529,2.769,computed GWAS
PD,19,56718370,T,C,rs74776318,intergenic,0.0002465,3.637,computed GWAS
PD,10,133439809,T,C,rs11599888,intergenic,0.0005194,3.714,computed GWAS
PD,9,129220111,G,A,rs12346138,intergenic,0.0003566,3.616,computed GWAS
PD,10,61543456,A,G,rs1456279,intergenic,0.0002365,2.964,computed GWAS
PD,12,101134798,C,T,rs905611,intergenic,0.0003575,2.698,computed GWAS
PD,4,102403692,C,T,rs1381896,intergenic,0.0003576,2.864,computed GWAS
PD,12,119059066,G,A,rs1474423,SRRM4,0.0004974,2.615,computed GWAS
PD,12,81923685,A,G,rs11115094,intergenic,0.0004855,2.943,computed GWAS
PD,6,161207079,C,T,rs9456641,AGPAT4,0.0004776,2.853,computed GWAS
PD,9,119677253,A,G,rs17648616,intergenic,0.0004768,3.004,computed GWAS
PD,12,97245366,A,G,rs1012315,intergenic,0.000459,2.623,computed GWAS
PD,4,89234472,A,AG,rs11448905,intergenic,0.000457,2.639,computed GWAS
PD,19,16732890,A,G,rs11670068,NWD1,0.000457,2.639,computed GWAS
PD,19,16731929,G,A,rs12983498,NWD1,0.000457,2.639,computed GWAS
PD,14,73662415,A,C,rs2878626,DNAL1,0.0004426,2.695,computed GWAS
PD,9,90060227,A,G,rs10820844,intergenic,0.0004398,3.416,computed GWAS
PD,8,50849245,C,A,rs13276233,intergenic,0.0004148,2.651,computed GWAS
PD,15,48751792,C,T,rs2306184,CEP152,0.0004072,2.645,computed GWAS
PD,1,115318644,C,T,rs7523654,NGF-AS1,0.0004072,2.645,computed GWAS
PD,11,18655923,T,C,rs76170514,intergenic,0.0003881,3.883,computed GWAS
PD,16,12363065,A,G,rs11640354,SNX29,0.0003881,3.883,computed GWAS
PD,5,165616605,A,G,rs80167075,intergenic,0.0003881,3.883,computed GWAS
PD,1,235896991,C,CT,rs59076538,intergenic,0.0003881,3.883,computed GWAS
PD,22,45161370,T,C,rs132841,NUP50-DT,0.0003881,3.883,computed GWAS
PD,1,200838118,G,A,rs12758336,CAMSAP2,0.0003881,3.883,computed GWAS
PD,8,10813762,A,G,rs6601530,PINX1,0.0003869,2.693,computed GWAS
PD,1,39779941,A,AG,1:39779941:A:AG,,0.0003869,2.693,computed GWAS
PD,12,60962884,T,C,rs11173679,intergenic,0.0003576,2.864,computed GWAS
PD,6,152199200,T,G,rs4142053,SYNE1,0.0005029,2.938,computed GWAS
PD,18,3555988,C,G,rs569589,DLGAP1,0.0002306,2.793,computed GWAS
PD,6,138127942,G,A,rs7752565,intergenic,0.0002253,3.058,computed GWAS
PD,3,18569663,A,C,rs334961,intergenic,0.0001001,3.043,computed GWAS
PD,14,95029213,T,C,rs12147552,intergenic,9.778e-05,4.179,computed GWAS
PD,18,36274357,A,G,rs7237965,intergenic,8.559e-05,2.956,computed GWAS
PD,3,178535521,T,C,rs12486924,KCNMB2-AS1,8.1e-05,3.39,computed GWAS
PD,7,108796547,G,A,rs74301100,intergenic,7.862e-05,3.723,computed GWAS
PD,6,43742611,T,C,rs6920449,intergenic,6.253e-05,3.1,computed GWAS
PD,3,140438761,C,T,rs13092991,CLSTN2,5.024e-05,3.184,computed GWAS
PD,1,64148812,G,T,rs1408416,ROR1,4.688e-05,3.111,computed GWAS
PD,8,50870355,C,T,rs975382,intergenic,3.915e-05,3.147,computed GWAS
PD,3,73948014,A,G,rs59776999,intergenic,2.894e-05,3.969,computed GWAS
PD,22,37661331,G,A,rs139818903,PDXP,1.634e-05,3.356,computed GWAS
PD,18,10649866,A,G,rs2187478,intergenic,1.525e-05,4.201,computed GWAS
PD,3,150670893,A,G,rs6801052,ERICH6,1.454e-05,3.437,computed GWAS
PD,16,13462289,C,T,rs4781488,intergenic,6.879e-06,4.252,computed GWAS
PD,7,152700082,A,G,rs13234071,intergenic,5.484e-06,4.76,computed GWAS
PD,13,75174300,G,T,rs10673627,intergenic,1.259e-06,4.125,computed GWAS
PD,19,37334937,C,T,rs66505733,ZNF875,1.836e-07,6.487,computed GWAS
PD,6,29112227,G,A,rs28757581,OR2J3,4.465e-09,6.352,computed GWAS
PD,1,233005144,T,C,rs3766491,PCNX2,0.0005029,2.938,computed GWAS
PD,14,21209535,C,T,rs7495,HNRNPC,0.0005087,2.725,computed GWAS
PD,5,2159025,C,A,rs16903364,intergenic,0.0005129,3.599,computed GWAS
PD,8,68052652,A,C,rs3829025,PREX2,0.0001001,3.043,computed GWAS
PD,11,77963316,C,T,rs72941310,INTS4,0.0002296,2.88,computed GWAS
PD,7,30463870,C,A,rs1558070,NOD1,0.0001008,3.136,computed GWAS
PD,2,240616574,G,T,rs1509,GPR35,0.0001044,2.921,computed GWAS
PD,13,25843048,TA,T,rs35286142,ATP8A2,0.0002253,3.058,computed GWAS
PD,3,150538792,A,C,rs6770899,intergenic,0.0002178,2.836,computed GWAS
PD,7,85358056,G,A,rs12666204,intergenic,0.000203,2.97,computed GWAS
PD,9,22115106,A,C,rs10965235,CDKN2B-AS1,0.0002002,3.193,computed GWAS
PD,7,6330775,C,T,rs3750040,FAM220A,0.0001981,3.583,computed GWAS
PD,16,7531440,G,A,rs11648978,RBFOX1,0.0001945,4.23,computed GWAS
PD,19,56700227,A,G,rs117021800,intergenic,0.0001911,3.879,computed GWAS
PD,15,97243779,T,C,rs78584076,intergenic,0.0001911,3.879,computed GWAS
PD,4,137512008,G,A,rs9683944,intergenic,0.0001826,3.283,computed GWAS
PD,3,104191920,G,A,rs6802351,intergenic,0.0001771,2.843,computed GWAS
PD,6,3765457,C,T,rs10458078,intergenic,0.0001695,3.663,computed GWAS
PD,9,14543886,G,A,rs10961562,intergenic,0.0001502,2.951,computed GWAS
PD,16,79320816,T,TG,16:79320816:T:TG,,0.0001424,3.179,computed GWAS
PD,4,137552436,T,C,rs34087892,LINC02172,0.0001397,3.526,computed GWAS
PD,7,118063567,G,T,rs11978447,intergenic,0.0001385,4.198,computed GWAS
PD,17,5822164,C,T,rs7220984,LOC339166,0.0001333,3.25,computed GWAS
PD,22,24835441,A,G,rs6004307,SGSM1,0.0001328,3.886,computed GWAS
PD,7,152654832,C,G,rs3218501,XRCC2,0.0001158,3.691,computed GWAS
PD,11,12237536,T,C,rs2706637,MICAL2,0.0001138,2.923,computed GWAS
PD,1,248280508,T,G,rs71538180,intergenic,0.000112,3.848,computed GWAS
PD,9,15784633,G,A,rs1539172,CCDC171,0.0001044,2.921,computed GWAS
PD,6,43719936,C,CT,rs35211923,intergenic,0.0001044,2.921,computed GWAS
PD,11,3146625,A,C,rs77835457,OSBPL5,0.0005029,2.938,computed GWAS
RLLM,9,98699908,T,C,rs337542,GABBR2,0.0003915,2.784,computed GWAS
RLLM,19,11083273,A,"C,G",rs10412048,SMARCA4 - LDLR,,,manually curated
RLLM,19,11113620,,,,,,,manually curated
RLLM,16,56955678,C,T,rs247616,HERPUD1 - CETP,,,manually curated
RLLM,6,134976524,A,G,rs4580893,HBS1L,0.0003915,2.784,computed GWAS
RLLM,19,11120436,,,,,,,manually curated
RLLM,22,43137416,A,G,rs2072853,MCAT,6.734e-05,2.952,computed GWAS
RLLM,6,31264766,T,C,rs2844623,intergenic,8.15e-05,3.214,computed GWAS
RLLM,6,31274662,T,C,rs2844618,intergenic,8.891e-05,3.302,computed GWAS
RLLM,6,31273211,G,T,rs7759127,intergenic,8.891e-05,3.302,computed GWAS
RLLM,8,410373,A,G,rs141582174,FBXO25,8.966e-05,3.606,computed GWAS
RLLM,6,31289814,T,C,rs2853927,intergenic,9.607e-05,3.269,computed GWAS
RLLM,10,61543456,A,G,rs1456279,intergenic,9.678e-05,3.008,computed GWAS
RLLM,2,38762819,G,T,rs12991609,intergenic,0.0001052,3.372,computed GWAS
RLLM,6,31143371,A,T,rs116969494,CCHCR1,0.0001052,3.372,computed GWAS
RLLM,18,77409348,T,C,rs62105769,intergenic,0.000116,3.037,computed GWAS
RLLM,7,138960742,G,A,rs35288272,KIAA1549,0.000123,2.854,computed GWAS
RLLM,7,11196334,C,T,rs2353789,intergenic,0.0001318,3.24,computed GWAS
RLLM,22,33519228,A,G,rs911626,LARGE1,0.0001338,2.967,computed GWAS
RLLM,4,15458848,C,T,rs4698383,intergenic,0.0001427,3.351,computed GWAS
RLLM,6,31287657,T,C,rs2853929,intergenic,0.0001501,3.156,computed GWAS
RLLM,6,31289146,T,G,rs2844597,intergenic,0.0001501,3.156,computed GWAS
RLLM,6,31289235,G,A,rs2524043,intergenic,0.0001501,3.156,computed GWAS
RLLM,6,31287647,C,A,rs2853930,intergenic,0.0001501,3.156,computed GWAS
RLLM,9,90116860,G,T,rs72755083,intergenic,0.0001501,3.156,computed GWAS
RLLM,6,31284792,C,T,rs2853937,intergenic,0.0001501,3.156,computed GWAS
RLLM,6,31285994,T,G,rs2844600,intergenic,0.0001501,3.156,computed GWAS
RLLM,6,31286151,T,A,rs2853934,intergenic,0.0001501,3.156,computed GWAS
RLLM,3,100186135,G,T,rs58863881,TMEM30CP,8.085e-05,3.531,computed GWAS
RLLM,2,21006288,,,,,,,manually curated
RLLM,14,50876881,G,A,rs17793937,ABHD12B,8.02e-05,3.867,computed GWAS
RLLM,6,31143348,A,G,rs73397100,CCHCR1,6.895e-05,3.442,computed GWAS
RLLM,7,6330775,C,T,rs3750040,FAM220A,7.025e-14,9.316,computed GWAS
RLLM,6,29112227,G,A,rs28757581,OR2J3,1.116e-09,6.393,computed GWAS
RLLM,13,75174300,G,T,rs10673627,intergenic,6.162e-07,4.057,computed GWAS
RLLM,6,31269123,A,G,.,HLA-C,1.003e-06,4.774,computed GWAS
RLLM,19,37334937,C,T,rs66505733,ZNF875,1.328e-06,5.598,computed GWAS
RLLM,15,91589685,A,G,rs12900992,intergenic,1.553e-05,3.292,computed GWAS
RLLM,1,248280508,T,G,rs71538180,intergenic,1.576e-05,3.664,computed GWAS
RLLM,7,36897237,G,A,rs4723589,ELMO1,1.858e-05,3.445,computed GWAS
RLLM,22,22044328,G,C,rs6000690,PRAMENP,2.257e-05,3.351,computed GWAS
RLLM,16,26806805,G,A,rs1040287,intergenic,2.825e-05,3.86,computed GWAS
RLLM,7,138990147,T,C,rs28424152,intergenic,2.962e-05,4.646,computed GWAS
RLLM,9,98681851,C,T,rs516930,GABBR2,3.107e-05,3.2,computed GWAS
RLLM,10,83971658,T,C,rs10788302,intergenic,3.361e-05,2.989,computed GWAS
RLLM,11,62001234,C,T,rs4963442,intergenic,3.557e-05,2.971,computed GWAS
RLLM,6,13168101,T,C,rs6932796,PHACTR1,3.658e-05,3.818,computed GWAS
RLLM,16,26805992,A,C,rs1559318,intergenic,3.961e-05,3.088,computed GWAS
RLLM,6,3765457,C,T,rs10458078,intergenic,4.785e-05,3.828,computed GWAS
RLLM,5,9369039,T,C,rs40655,SEMA5A,5.141e-05,3.611,computed GWAS
RLLM,16,26816422,A,G,rs7189928,intergenic,5.59e-05,3.04,computed GWAS
RLLM,6,3503451,G,T,rs4373399,intergenic,5.846e-05,2.901,computed GWAS
RLLM,6,31166755,G,A,rs3757349,POU5F1,6.895e-05,3.442,computed GWAS
RLLM,7,11193406,G,A,rs28713335,intergenic,6.895e-05,3.442,computed GWAS
RLLM,6,31287723,G,A,rs2524051,intergenic,0.0001501,3.156,computed GWAS
RLLM,15,91602136,T,C,rs4429271,intergenic,0.0001287,2.826,computed GWAS
RLLM,6,31277796,C,G,rs2853948,intergenic,0.0001501,3.156,computed GWAS
RLLM,10,3945954,T,G,rs10904140,intergenic,0.0002519,2.889,computed GWAS
RLLM,16,51984338,T,G,rs8063298,intergenic,0.0002521,2.645,computed GWAS
RLLM,20,57028217,C,A,rs60357304,intergenic,0.0002536,3.657,computed GWAS
RLLM,16,3100000,T,G,rs72772572,ZSCAN10,0.0002589,3.318,computed GWAS
RLLM,12,41842504,T,C,rs11615402,intergenic,0.0002612,2.619,computed GWAS
RLLM,3,124447656,C,T,rs529967,KALRN,0.0002619,2.611,computed GWAS
RLLM,11,62017414,T,C,rs11230866,intergenic,0.0002688,2.608,computed GWAS
RLLM,3,86318330,G,A,rs17294527,intergenic,0.0002794,3.399,computed GWAS
RLLM,3,140492590,T,C,rs73231231,CLSTN2,0.0002794,3.399,computed GWAS
RLLM,5,42146658,C,A,rs4596430,intergenic,0.0003015,2.781,computed GWAS
RLLM,12,82182592,T,G,rs10778877,intergenic,0.0002275,2.706,computed GWAS
RLLM,6,31289599,A,G,rs2844596,intergenic,0.0001501,3.156,computed GWAS
RLLM,18,77409972,T,C,rs59321558,intergenic,0.0003379,3.516,computed GWAS
RLLM,8,485625,T,G,rs74765737,intergenic,0.0003379,3.516,computed GWAS
RLLM,9,5458035,G,T,rs7042084,CD274,0.0003431,2.851,computed GWAS
RLLM,10,98043440,C,T,rs1413615,intergenic,0.0003623,3.083,computed GWAS
RLLM,11,113249946,A,G,rs619265,NCAM1,0.0003638,3.402,computed GWAS
RLLM,2,220814678,C,T,rs1509629,intergenic,0.0003668,2.553,computed GWAS
RLLM,19,4844193,T,G,rs10409269,PLIN3,0.0003681,2.564,computed GWAS
RLLM,18,63118994,G,T,rs12964682,intergenic,0.0003748,3.213,computed GWAS
RLLM,18,12821594,G,A,rs2847281,PTPN2,0.0003748,3.213,computed GWAS
RLLM,6,3718996,G,A,rs12200372,intergenic,0.0003819,3.891,computed GWAS
RLLM,3,62162881,T,C,rs77404278,PTPRG,0.0003379,3.516,computed GWAS
RLLM,10,10723952,T,G,rs10737043,CELF2,0.0002275,2.706,computed GWAS
RLLM,7,138985232,C,T,rs13438289,intergenic,0.0003234,3.687,computed GWAS
RLLM,6,3513012,T,C,rs880287,intergenic,0.0002188,2.957,computed GWAS
RLLM,6,31294993,G,T,rs2524148,LINC02571,0.0002197,3.097,computed GWAS
RLLM,9,14426211,C,T,rs1028705,NFIB,0.0001527,3.619,computed GWAS
RLLM,7,11195312,A,G,rs55741818,intergenic,0.0001604,3.259,computed GWAS
RLLM,4,25064736,G,A,rs11725396,intergenic,0.0001622,3.406,computed GWAS
RLLM,4,15395740,G,A,rs16891867,C1QTNF7-AS1,0.0001622,3.406,computed GWAS
RLLM,14,54639650,A,G,rs3742562,SAMD4A,0.0001753,2.714,computed GWAS
RLLM,3,63078438,T,G,rs1374680,intergenic,0.0001757,2.669,computed GWAS
RLLM,7,36795162,G,A,rs77575853,intergenic,0.0001828,3.053,computed GWAS
RLLM,5,10072172,T,C,rs77488776,intergenic,0.000183,2.684,computed GWAS
RLLM,7,139024103,T,C,rs10257544,intergenic,0.000184,2.677,computed GWAS
RLLM,2,220784168,C,T,rs7598755,intergenic,0.0001955,2.664,computed GWAS
RLLM,11,131086234,T,C,rs2298833,intergenic,0.00018,3.213,computed GWAS
RLLM,1,38734741,T,C,rs12067199,intergenic,0.0002005,2.698,computed GWAS
RLLM,9,3826081,T,C,rs3739618,GLIS3,0.000201,2.769,computed GWAS
RLLM,15,91909623,T,C,rs11636676,SLCO3A1,0.000201,2.769,computed GWAS
RLLM,3,23108448,T,C,rs62252589,intergenic,0.0002023,3.13,computed GWAS
RLLM,9,116771386,G,A,rs34690938,ASTN2,0.0002048,4.059,computed GWAS
RLLM,9,117022701,G,T,rs10817980,ASTN2,0.0002091,2.864,computed GWAS
RLLM,4,8126586,T,C,rs11725256,ABLIM2,0.0002134,3.401,computed GWAS
RLLM,3,23728406,A,C,rs12494751,intergenic,0.0002139,3.241,computed GWAS
RLLM,14,79707530,T,C,rs72696787,NRXN3,0.0002005,2.698,computed GWAS
RLLM,6,31274985,T,C,rs3134745,intergenic,0.000217,2.964,computed GWAS
THK,12,93733149,T,G,rs10859567,LOC101928731,0.0001961,2.547,computed GWAS
THK,10,3262682,G,A,rs11251811,intergenic,0.0001462,2.94,computed GWAS
THK,8,110045649,C,T,rs28493040,intergenic,0.0001606,3.763,computed GWAS
THK,5,155644946,A,G,rs3969473,intergenic,0.0001631,2.719,computed GWAS
THK,15,86507199,G,A,rs12439060,AGBL1,0.0001631,2.719,computed GWAS
THK,12,117681465,A,G,rs11068624,KSR2,0.0001712,2.657,computed GWAS
THK,15,91376308,G,A,rs12903434,intergenic,0.0001941,2.834,computed GWAS
THK,9,75334758,A,G,rs11144375,intergenic,0.0001866,2.562,computed GWAS
THK,7,47408324,G,A,rs834603,TNS3,0.0001907,2.549,computed GWAS
THK,1,157093856,A,C,rs74116967,ETV3L,0.0002146,3.018,computed GWAS
THK,17,12144227,A,G,rs1870584,MAP2K4,0.0001431,2.603,computed GWAS
THK,10,79159685,T,G,rs749821,ZMIZ1,0.0001721,2.582,computed GWAS
THK,22,19551004,G,A,rs2157728,intergenic,0.0001397,2.607,computed GWAS
THK,12,5879875,C,T,rs7972354,ANO2,0.000105,2.666,computed GWAS
THK,20,52983718,T,C,rs6123240,TSHZ2,0.0001366,2.776,computed GWAS
THK,9,20149879,C,T,rs1319702,intergenic,0.0001307,2.629,computed GWAS
THK,9,106630669,C,G,rs4147188,LINC01505,0.0001303,3.346,computed GWAS
THK,3,53660551,C,G,rs3774518,CACNA1D,0.0001281,2.658,computed GWAS
THK,17,12013981,T,C,rs34020846,intergenic,0.0001244,2.617,computed GWAS
THK,16,11254001,T,C,rs4780355,SOCS1,0.0001135,2.734,computed GWAS
THK,5,171442010,T,C,rs10067840,FGF18,0.0001125,2.841,computed GWAS
THK,8,69933566,A,G,rs12335270,intergenic,0.0001075,3.333,computed GWAS
THK,8,69924995,A,G,rs7843395,intergenic,0.0001075,3.333,computed GWAS
THK,12,48032209,A,G,rs10875726,intergenic,0.0001075,3.333,computed GWAS
THK,16,28205353,T,C,rs9927626,XPO6,9.671e-05,2.698,computed GWAS
THK,8,133543297,T,C,rs76499643,ST3GAL1,0.0002146,3.018,computed GWAS
THK,13,75174300,G,T,rs10673627,intergenic,9.15e-05,2.976,computed GWAS
THK,12,30081263,C,T,rs11050637,intergenic,0.0001391,3.035,computed GWAS
THK,9,75318384,C,T,rs7028291,intergenic,0.0002212,2.583,computed GWAS
THK,1,214007176,T,C,rs72753599,PROX1,0.0004809,3.688,computed GWAS
THK,5,75002840,G,T,rs13162242,intergenic,0.0002338,2.767,computed GWAS
THK,8,62926873,G,A,rs58073364,NKAIN3,8.826e-05,3.324,computed GWAS
THK,9,90060227,A,G,rs10820844,intergenic,0.000407,3.207,computed GWAS
THK,18,5439418,A,G,rs75591954,EPB41L3,0.000407,3.207,computed GWAS
THK,10,57235311,A,G,rs77082037,intergenic,0.000407,3.207,computed GWAS
THK,2,119077251,G,A,rs12999348,intergenic,0.0004023,2.429,computed GWAS
THK,19,32179085,A,G,rs17512892,intergenic,0.0003986,3.008,computed GWAS
THK,16,83384068,C,A,rs12050931,CDH13,0.0003782,2.443,computed GWAS
THK,18,56281737,G,A,rs2863264,intergenic,0.0003744,2.512,computed GWAS
THK,15,91358823,C,T,rs12441067,intergenic,0.000356,2.885,computed GWAS
THK,2,234232766,C,A,rs13416583,intergenic,0.0003256,3.009,computed GWAS
THK,22,44427247,T,C,rs4823282,intergenic,0.0003256,3.009,computed GWAS
THK,16,11281009,T,G,rs737008,PRM1,0.0003231,2.515,computed GWAS
THK,10,3247950,T,C,rs10508250,intergenic,0.0002961,2.744,computed GWAS
THK,7,106797331,C,T,rs6954917,intergenic,0.0002884,2.547,computed GWAS
THK,7,47456016,G,A,rs953264,TNS3,0.0002878,2.591,computed GWAS
THK,10,79187329,T,C,rs11002861,ZMIZ1,0.0002878,2.591,computed GWAS
THK,14,23165960,A,G,rs28720057,SLC7A8,0.0002822,2.497,computed GWAS
THK,9,114247992,G,A,rs4979360,COL27A1,0.0002669,2.502,computed GWAS
THK,11,102712949,A,C,rs12284255,MMP8,0.0002648,3.012,computed GWAS
THK,1,214131148,G,A,rs723098,intergenic,0.0002648,3.012,computed GWAS
THK,1,22117267,T,C,rs2235530,WNT4,0.0002648,3.012,computed GWAS
THK,12,113102017,A,G,rs1674101,RASAL1,0.0002648,3.012,computed GWAS
THK,21,34364922,G,A,rs4816481,KCNE2,0.0002631,2.61,computed GWAS
THK,8,39765920,GT,G,8:39765920:GT:G,,0.0002586,2.497,computed GWAS
THK,12,117675534,C,A,rs492479,KSR2,0.0002478,2.52,computed GWAS
THK,6,141508517,G,T,rs13204687,intergenic,0.0002385,2.51,computed GWAS
THK,1,244170771,C,T,rs56172543,intergenic,0.0002338,2.767,computed GWAS
THK,3,184187080,A,G,rs2942057,ABCF3,0.0002301,2.532,computed GWAS
THK,9,75289995,C,G,rs7874203,intergenic,7.087e-05,2.938,computed GWAS
THK,4,80047485,T,C,rs4566597,ANTXR2,0.00042,2.479,computed GWAS
THK,9,132643456,C,T,rs306536,DDX31,6.929e-05,3.987,computed GWAS
THK,1,203445091,T,C,rs1341628,intergenic,0.0004752,2.529,computed GWAS
THK,9,116771386,G,A,rs34690938,ASTN2,0.0004809,3.688,computed GWAS
THK,7,48879073,C,T,rs6946623,intergenic,0.0004809,3.688,computed GWAS
THK,10,87417506,G,T,rs3128150,intergenic,7.036e-05,3.074,computed GWAS
THK,5,7577885,C,A,rs11741044,ADCY2,0.0004824,2.394,computed GWAS
THK,12,117692135,C,T,rs73213813,KSR2,0.0004836,2.479,computed GWAS
THK,16,28233706,A,G,rs12923684,intergenic,0.000486,3.009,computed GWAS
THK,2,224966520,A,G,rs10176225,DOCK10,0.0004862,3.229,computed GWAS
THK,12,93727538,T,C,rs12817549,LOC101928731,0.0004972,2.391,computed GWAS
THK,17,3526204,A,G,rs73315095,TRPV3,0.00046,2.647,computed GWAS
THK,1,61475345,A,G,rs4570447,intergenic,0.0005135,2.423,computed GWAS
THK,1,102914362,G,"A,C",rs3753841,COL6A4P1 ,,,manually curated
THK,1,102938828,T,"A,C",rs2126643,COL6A4P2,,,manually curated
THK,1,103107371,A,"C,G",rs4338381,COL6A4P3,,,manually curated
THK,2,112837290,A,G,rs16944,IL1B ,,,manually curated
THK,2,112838252,C,"A,G",rs1143623,IL1B ,,,manually curated
THK,2,112840530,G,"A,C",rs4848306,IL1B ,,,manually curated
THK,20,35438203,G,A,rs143383,GDF5,,,manually curated
THK,3,15174922,C,T,rs7639618,COL6A4P1,,,manually curated
THK,12,48134636,C,T,rs2286020,PFKM,0.000407,3.207,computed GWAS
THK,17,12087362,A,G,rs10432016,MAP2K4,0.0005193,2.389,computed GWAS
THK,2,234236338,A,G,rs7604063,intergenic,0.0004405,2.875,computed GWAS
THK,5,103739532,G,A,rs114535715,intergenic,0.0004809,3.688,computed GWAS
THK,10,96781816,T,A,rs117705112,intergenic,1.414e-13,8.748,computed GWAS
THK,10,66427537,C,A,rs4320848,CTNNA3,6.635e-05,2.723,computed GWAS
THK,2,173403099,T,C,rs6751597,intergenic,6.59e-05,3.178,computed GWAS
THK,5,135436576,T,C,rs11242245,intergenic,5.998e-05,2.757,computed GWAS
THK,9,75381780,T,C,rs78898169,intergenic,5.857e-05,3.316,computed GWAS
THK,15,24825623,C,T,rs11161140,SNHG14,4.414e-05,3.802,computed GWAS
THK,5,111138593,C,T,rs458224,intergenic,0.0004258,2.517,computed GWAS
THK,16,26806805,G,A,rs1040287,intergenic,4.006e-05,3.624,computed GWAS
THK,15,86527816,T,C,rs2346743,AGBL1,2.63e-05,3.091,computed GWAS
THK,22,37661331,G,A,rs139818903,PDXP,1.313e-05,3.092,computed GWAS
THK,1,238783246,T,C,rs2841346,intergenic,1.284e-05,3.019,computed GWAS
THK,12,48035993,C,T,rs733592,intergenic,9.366e-06,3.856,computed GWAS
THK,4,6378265,T,C,rs6835336,PPP2R2C,4.294e-05,2.892,computed GWAS
THK,1,238789846,C,T,rs2841347,intergenic,9.355e-06,3.068,computed GWAS
THK,8,62969466,G,A,rs12056580,NKAIN3,9.366e-06,3.856,computed GWAS
THK,9,8654442,T,C,rs72700321,PTPRD,4.969e-11,7.262,computed GWAS
THK,19,37334937,C,T,rs66505733,ZNF875,1.206e-07,6.133,computed GWAS
THK,12,113098391,G,A,rs1674096,intergenic,1.649e-06,3.807,computed GWAS
THK,1,5872457,T,C,rs472651,NPHP4,2.253e-11,6.078,computed GWAS
THK,9,75329169,T,C,rs59892183,intergenic,2.358e-06,4.31,computed GWAS
THK,9,75337222,C,T,rs943503,intergenic,4.655e-06,3.752,computed GWAS
THK,3,140438761,C,T,rs13092991,CLSTN2,5.032e-06,3.279,computed GWAS
THK,10,61543456,A,G,rs1456279,intergenic,1.9e-06,3.596,computed GWAS
UTDD,1,195257121,G,A,rs12034305,intergenic,0.0003245,4.051,computed GWAS
UTDD,4,184394638,T,C,rs3756089,IRF2,0.0003245,4.051,computed GWAS
UTDD,11,109751428,C,T,rs2099378,intergenic,0.0003245,4.051,computed GWAS
UTDD,7,21544470,G,A,rs2285947,DNAH11,,,manually curated
UTDD,6,40568389,G,A,rs2494938,LRFN2,,,manually curated
UTDD,6,41037763,T,C,rs2294693,"UNC5CL, OARD1",,,manually curated
UTDD,10,94310618,A,G,rs3781264,PLCE1,,,manually curated
UTDD,1,155192276,C,"A,G,T",rs4072037,MUC1,,,manually curated
UTDD,5,40791782,C,T,rs13361707,PRKAA1,,,manually curated
UTDD,12,25362119,T,C,rs11047976,intergenic,0.0003201,3.667,computed GWAS
UTDD,5,40790449,G,A,rs10074991,PRKAA1,,,manually curated
UTDD,6,16391697,A,G,rs10949354,ATXN1,0.0003243,3.829,computed GWAS
UTDD,11,133242868,C,"G,T",rs4578395,OPCML,,,manually curated
UTDD,3,114643917,C,"G,T",rs9841504,ZBTB20,,,manually curated
UTDD,7,3529593,A,G,rs67955951,SDK1,0.0003193,3.645,computed GWAS
UTDD,12,113913252,C,T,rs3825209,RBM19,4.576e-05,5.897,computed GWAS
UTDD,3,195097566,C,A,rs79215549,XXYLT1,0.000155,4.091,computed GWAS
UTDD,17,21232729,T,C,rs34442691,intergenic,0.000153,4.038,computed GWAS
UTDD,16,30502782,G,A,rs4341759,ITGAL,0.0001504,3.977,computed GWAS
UTDD,12,109820304,G,A,rs28619554,TRPV4,0.0001468,4.016,computed GWAS
UTDD,6,97564207,G,A,rs35520411,LOC101927314,0.0001292,4.1,computed GWAS
UTDD,17,78800228,T,C,rs61555105,USP36,0.0001273,4.658,computed GWAS
UTDD,6,29112227,G,A,rs28757581,OR2J3,0.0001273,4.658,computed GWAS
UTDD,10,119272147,C,T,rs928670,GRK5,0.0001172,3.98,computed GWAS
UTDD,6,41352727,G,A,rs2068392,intergenic,0.0001172,3.98,computed GWAS
UTDD,11,117709100,T,C,rs634416,DSCAML1,0.0001162,4.353,computed GWAS
UTDD,10,61543456,A,G,rs1456279,intergenic,0.000103,4.116,computed GWAS
UTDD,2,131440924,C,T,rs55872795,intergenic,0.000103,4.116,computed GWAS
UTDD,7,46234920,T,C,rs1601536,intergenic,9.707e-05,4.108,computed GWAS
UTDD,17,78846884,A,G,rs80326359,intergenic,9.697e-05,5.036,computed GWAS
UTDD,3,122307242,G,C,rs13068893,intergenic,9.6e-05,4.538,computed GWAS
UTDD,5,142637652,A,G,rs34702386,FGF1,9.537e-05,5.414,computed GWAS
UTDD,2,140194405,A,G,rs997365,intergenic,9.537e-05,5.414,computed GWAS
UTDD,17,21235162,G,A,rs11204345,intergenic,7.254e-05,4.21,computed GWAS
UTDD,19,54700976,G,T,rs73056168,intergenic,7.213e-05,4.944,computed GWAS
UTDD,16,86442257,T,C,rs12925840,intergenic,7.033e-05,4.376,computed GWAS
UTDD,2,33154196,T,C,rs6715793,LTBP1,7.033e-05,4.376,computed GWAS
UTDD,18,57424572,T,G,rs76494192,intergenic,6.23e-05,5.309,computed GWAS
UTDD,2,155962756,A,G,rs66996400,intergenic,6.203e-05,4.2,computed GWAS
UTDD,9,9439506,C,T,rs4142433,PTPRD,6.203e-05,4.2,computed GWAS
UTDD,3,24676948,G,T,rs6550889,intergenic,5.702e-05,4.577,computed GWAS
UTDD,7,46227015,T,C,rs6960650,intergenic,0.000164,3.9,computed GWAS
UTDD,16,84558721,G,T,rs2967879,intergenic,5.702e-05,4.577,computed GWAS
UTDD,5,14867839,C,T,rs2921604,ANKH,0.0001673,3.854,computed GWAS
UTDD,7,46257127,C,T,rs35163049,intergenic,0.0001833,4.161,computed GWAS
UTDD,7,3665327,T,C,rs57515074,SDK1,0.0002551,3.739,computed GWAS
UTDD,15,59622832,C,G,rs7177497,GCNT3,0.0002374,3.854,computed GWAS
UTDD,10,13270193,A,G,rs55945157,intergenic,0.0002363,3.952,computed GWAS
UTDD,5,133667444,T,C,rs11242168,intergenic,0.0002339,3.75,computed GWAS
UTDD,6,428983,T,G,rs9502066,intergenic,0.0002306,3.78,computed GWAS
UTDD,13,101009066,T,C,rs34055169,NALCN-AS1,0.0002164,4.4,computed GWAS
UTDD,1,247065202,C,T,rs12723583,ZNF670-ZNF695,0.0002164,4.4,computed GWAS
UTDD,1,160763974,T,C,rs11805079,intergenic,0.0002164,4.4,computed GWAS
UTDD,15,59625548,G,T,rs34626301,intergenic,0.0002164,4.4,computed GWAS
UTDD,7,149881323,T,TTATC,7:149881323:T:TTATC,,0.0002133,3.777,computed GWAS
UTDD,11,113249946,A,G,rs619265,NCAM1,0.0002119,4.633,computed GWAS
UTDD,12,96432472,T,C,rs2368053,intergenic,0.0002119,4.633,computed GWAS
UTDD,9,113129965,A,G,rs10981637,intergenic,0.0002119,4.633,computed GWAS
UTDD,1,195202557,A,G,rs78626875,intergenic,0.0002049,4.251,computed GWAS
UTDD,10,49627218,A,G,rs12246528,CHAT,0.0002049,4.251,computed GWAS
UTDD,11,117744353,A,G,rs12289727,DSCAML1,0.0002049,4.251,computed GWAS
UTDD,11,117733492,A,G,rs4142640,DSCAML1,0.0002049,4.251,computed GWAS
UTDD,2,26388799,T,C,rs11126455,SELENOI,0.0002049,4.251,computed GWAS
UTDD,1,195293067,A,G,rs16838242,intergenic,0.0002049,4.251,computed GWAS
UTDD,7,3612390,T,C,rs919709,SDK1,0.0001884,3.939,computed GWAS
UTDD,9,84302386,C,T,rs10868138,SLC28A3,0.0001864,5.0,computed GWAS
UTDD,6,37702440,A,G,rs73730805,intergenic,0.0001864,5.0,computed GWAS
UTDD,2,20506982,C,T,rs342075,intergenic,0.0001864,5.0,computed GWAS
UTDD,13,98706147,G,C,rs4646227,SLC15A1,0.0001864,5.0,computed GWAS
UTDD,8,2105244,C,T,rs57169631,MYOM2,0.0001833,4.161,computed GWAS
UTDD,11,25665871,T,C,rs1389412,intergenic,0.0001699,3.916,computed GWAS
UTDD,1,21360661,T,G,rs12744958,intergenic,0.0002786,3.812,computed GWAS
UTDD,2,37449842,G,T,rs6717584,intergenic,0.0002786,3.812,computed GWAS
UTDD,9,96328766,C,T,rs4416938,SLC35D2,4.446e-05,4.317,computed GWAS
UTDD,5,101517326,A,G,rs393408,intergenic,0.0003063,3.65,computed GWAS
UTDD,7,3597865,G,A,rs6971989,SDK1,0.0003063,3.65,computed GWAS
UTDD,9,121553270,A,C,rs77239252,intergenic,0.0002852,5.111,computed GWAS
UTDD,16,54895509,G,T,rs60787544,intergenic,0.0002852,5.111,computed GWAS
UTDD,19,37334937,C,T,rs66505733,ZNF875,0.0002852,5.111,computed GWAS
UTDD,18,73406610,C,T,rs4427895,intergenic,0.000284,3.681,computed GWAS
UTDD,12,114042121,G,A,rs10850269,intergenic,0.0003069,3.72,computed GWAS
UTDD,3,33607801,C,T,rs34175375,CLASP2,0.0002824,3.983,computed GWAS
UTDD,2,190569454,C,T,rs62182865,intergenic,0.0002786,3.812,computed GWAS
UTDD,10,83369410,C,T,rs11198340,intergenic,0.0002787,4.044,computed GWAS
UTDD,8,113966161,A,G,rs7835123,intergenic,0.0002786,3.812,computed GWAS
UTDD,5,175306523,ATG,A,rs148430322,intergenic,2.127e-07,6.406,computed GWAS
UTDD,7,46219714,A,G,rs1471832,intergenic,8.328e-07,7.667,computed GWAS
UTDD,7,6330775,C,T,rs3750040,FAM220A,4.037e-06,5.928,computed GWAS
UTDD,19,3277096,C,T,rs2315915,CELF5,0.0002824,3.983,computed GWAS
UTDD,2,17272701,T,G,rs7558682,intergenic,0.0003193,3.645,computed GWAS
UTDD,18,29556114,G,A,rs4408616,intergenic,0.0003193,3.645,computed GWAS
UTDD,13,98719857,C,T,rs73567989,SLC15A1,6.518e-06,6.747,computed GWAS
UTDD,1,16504338,C,T,rs9439632,intergenic,3.126e-05,5.72,computed GWAS
UTDD,11,117767457,C,A,rs3851576,DSCAML1,2.987e-05,4.586,computed GWAS
UTDD,6,416359,T,G,rs12176562,intergenic,2.987e-05,4.586,computed GWAS
UTDD,9,109755723,C,A,rs7848168,PALM2AKAP2,2.883e-05,4.536,computed GWAS
UTDD,4,118880198,A,G,rs28378450,SYNPO2,2.819e-05,4.499,computed GWAS
UTDD,8,5554944,T,C,rs13263257,intergenic,2.419e-05,4.6,computed GWAS
UTDD,1,59767759,C,T,rs74878100,intergenic,2.39e-05,5.265,computed GWAS
UTDD,6,138032051,A,G,rs733868,intergenic,2.21e-05,4.8,computed GWAS
UTDD,16,50409611,CA,C,16:50409611:CA:C,,2.035e-05,5.625,computed GWAS
UTDD,11,11210461,T,G,rs11043167,intergenic,1.891e-05,4.647,computed GWAS
UTDD,8,5555803,C,A,rs4875580,intergenic,1.573e-05,4.765,computed GWAS
UTDD,10,96781816,T,A,rs117705112,intergenic,1.274e-05,5.589,computed GWAS
UTDD,6,97337205,A,G,rs35986718,LOC101927314,1.191e-05,4.951,computed GWAS
UTDD,9,109736506,A,G,rs62578070,PALM2AKAP2,1.059e-05,4.899,computed GWAS
UTDD,17,73021335,C,T,rs116979849,SLC39A11,7.711e-06,5.6,computed GWAS
UTDD,1,195329153,C,CAT,1:195329153:C:CAT,,4.678e-06,6.5,computed GWAS
UTDD,13,75174300,G,T,rs10673627,intergenic,6.291e-06,5.125,computed GWAS
UTDTT,4,162412253,T,A,rs35509282,,,,manually curated
UTDTT,8,116836068,G,A,rs76316943,UTP23,,,manually curated
UTDTT,4,148526433,T,C,rs10446758,,,,manually curated
UTDTT,10,8697617,T,A,rs11255841,,,,manually curated
UTDTT,6,31042408,T,C,rs116353863,,,,manually curated
UTDTT,8,116778675,C,A,rs117079142,UTP23,,,manually curated
UTDTT,2,191722478,T,C,rs11903757,NABP1,,,manually curated
UTDTT,8,116562277,C,G,rs140355816,,,,manually curated
UTDTT,8,116618444,A,C,rs16892766,,,,manually curated
UTDTT,14,58722643,G,A,rs17094983,,,,manually curated
UTDTT,3,36993455,G,A,rs1800734,MLH1,,,manually curated
UTDTT,15,32718535,G,A,rs2293581,GREM1,,,manually curated
UTDTT,19,33029021,T,G,rs28840750,RHPN2,,,manually curated
UTDTT,4,117837900,A,G,rs3987,,,,manually curated
UTDTT,11,74716876,C,T,rs61389091,CHRDL2,,,manually curated
UTDTT,8,127402647,T,C,rs7013278,POU5F1B,,,manually curated
UTDTT,1,22261235,T,C,rs72647484,,,,manually curated
UTDTT,3,113280713,G,A,rs72942485,BOC,,,manually curated
UTDTT,12,117309785,T,G,rs73208120,NOS1,,,manually curated
UTDTT,16,9203955,G,A,rs79900961,,,,manually curated
UTDTT,8,97859462,G,A,rs6996243,intergenic,0.0001385,3.575,computed GWAS
UTDTT,15,33865666,CTAAT,C,rs201070973,RYR3,0.0004359,3.123,computed GWAS
UTDTT,1,17014383,T,C,rs2647168,intergenic,0.0001403,4.568,computed GWAS
UTDTT,2,127849504,T,C,rs17340489,POLR2D,6.756e-05,4.031,computed GWAS
UTDTT,14,50968530,T,G,rs12433167,intergenic,6.802e-05,3.839,computed GWAS
UTDTT,15,86620033,G,A,rs11638062,AGBL1,6.821e-05,4.693,computed GWAS
UTDTT,18,46386639,T,C,rs56146941,RNF165,7.007e-05,4.946,computed GWAS
UTDTT,13,23084574,T,C,rs9510560,intergenic,7.914e-05,4.829,computed GWAS
UTDTT,12,7718516,C,A,rs4523761,DPPA3,8.293e-05,4.074,computed GWAS
UTDTT,11,87713102,G,T,rs79150476,intergenic,9.018e-05,3.58,computed GWAS
UTDTT,6,32845139,T,C,rs2071540,PSMB8-AS1,9.199e-05,3.614,computed GWAS
UTDTT,15,100624396,A,G,rs28875835,ASB7,9.934e-05,4.141,computed GWAS
UTDTT,16,26806805,G,A,rs1040287,intergenic,0.000101,4.258,computed GWAS
UTDTT,4,118899126,T,C,rs6534112,SYNPO2,0.0001068,3.494,computed GWAS
UTDTT,3,42670664,T,C,rs339714,intergenic,0.0001075,3.689,computed GWAS
UTDTT,5,111091037,T,A,rs252714,intergenic,0.0001082,3.434,computed GWAS
UTDTT,10,26127283,A,G,rs10508712,MYO3A,0.0001082,3.434,computed GWAS
UTDTT,2,37783866,A,G,rs77130198,intergenic,0.0001245,3.577,computed GWAS
UTDTT,11,117441860,A,G,rs79423267,DSCAML1,0.0001245,3.577,computed GWAS
UTDTT,17,77613573,G,A,rs4349216,intergenic,0.0001302,4.375,computed GWAS
UTDTT,19,14146031,G,A,rs2901136,LOC100507373,0.0001403,4.568,computed GWAS
UTDTT,2,221783522,T,C,rs1364388,intergenic,0.0004359,3.123,computed GWAS
UTDTT,9,32870791,G,T,rs10758165,intergenic,0.0001405,3.677,computed GWAS
UTDTT,5,175170166,T,C,rs6556189,intergenic,0.0001405,3.677,computed GWAS
UTDTT,9,9161898,C,T,rs2890854,PTPRD,6.295e-05,4.513,computed GWAS
UTDTT,15,33849768,A,C,rs56934433,RYR3,0.000148,3.429,computed GWAS
UTDTT,16,6642460,G,T,rs2993,RBFOX1,5.103e-05,3.667,computed GWAS
UTDTT,6,16793639,A,C,rs765528,intergenic,3.873e-05,3.881,computed GWAS
UTDTT,19,37334937,C,T,rs66505733,ZNF875,2.065e-10,10.22,computed GWAS
UTDTT,1,248280508,T,G,rs71538180,intergenic,5.169e-09,6.84,computed GWAS
UTDTT,7,6330775,C,T,rs3750040,FAM220A,6.244e-09,7.32,computed GWAS
UTDTT,11,73859094,GTGTA,G,rs35931800,MRPL48,2.858e-08,7.396,computed GWAS
UTDTT,7,103920984,C,T,rs16872993,RELN,3.146e-07,5.727,computed GWAS
UTDTT,10,61543456,A,G,rs1456279,intergenic,6.027e-07,4.983,computed GWAS
UTDTT,6,29112227,G,A,rs28757581,OR2J3,7.672e-07,5.71,computed GWAS
UTDTT,2,58034488,G,A,rs17049312,VRK2,1.711e-06,5.795,computed GWAS
UTDTT,21,14642929,A,G,rs458292,LOC388813,3.054e-06,5.108,computed GWAS
UTDTT,2,5129284,C,T,rs1453798,intergenic,4.631e-06,4.928,computed GWAS
UTDTT,2,30401022,A,G,rs12471197,intergenic,7.076e-06,5.963,computed GWAS
UTDTT,6,3765457,C,T,rs10458078,intergenic,7.334e-06,5.094,computed GWAS
UTDTT,10,96781816,T,A,rs117705112,intergenic,7.334e-06,5.094,computed GWAS
UTDTT,7,103918809,G,T,rs75552372,RELN,1.188e-05,4.345,computed GWAS
UTDTT,7,103914983,G,A,rs2299402,RELN,1.188e-05,4.345,computed GWAS
UTDTT,21,14617608,G,T,rs1292585,LOC388813,1.422e-05,4.799,computed GWAS
UTDTT,7,103939999,C,T,rs17157475,RELN,1.506e-05,4.359,computed GWAS
UTDTT,6,16772021,C,T,rs628021,intergenic,1.513e-05,4.182,computed GWAS
UTDTT,1,203449811,C,A,rs28420667,intergenic,2.076e-05,3.967,computed GWAS
UTDTT,2,128056970,C,T,rs71420819,intergenic,3.293e-05,5.387,computed GWAS
UTDTT,13,23081500,A,G,rs9578537,intergenic,3.398e-05,5.056,computed GWAS
UTDTT,21,14639618,C,T,rs459461,LOC388813,3.873e-05,3.881,computed GWAS
UTDTT,5,111138593,C,T,rs458224,intergenic,0.0001552,3.356,computed GWAS
UTDTT,2,221783863,G,A,rs7556766,intergenic,0.0001405,3.677,computed GWAS
UTDTT,6,16769609,A,C,rs16879127,intergenic,0.0001695,3.36,computed GWAS
UTDTT,10,26195225,G,A,rs12764197,MYO3A,0.000311,3.189,computed GWAS
UTDTT,8,60867730,C,T,rs6985168,CHD7,0.000311,3.189,computed GWAS
UTDTT,8,40934254,T,C,rs4736890,intergenic,0.0003214,3.13,computed GWAS
UTDTT,3,134771166,C,T,rs9825708,intergenic,0.0003237,3.788,computed GWAS
UTDTT,16,52430256,G,T,rs1107358,intergenic,0.0003503,3.455,computed GWAS
UTDTT,6,124187739,G,A,rs802289,NKAIN2,0.0003532,3.104,computed GWAS
UTDTT,9,127554073,A,G,rs73668506,NIBAN2,0.0003584,4.559,computed GWAS
UTDTT,16,6618587,A,G,rs9937761,RBFOX1,0.0003657,3.524,computed GWAS
UTDTT,10,128757450,C,T,rs12416623,intergenic,0.0003657,3.524,computed GWAS
UTDTT,6,32844751,T,C,rs2071463,PSMB8-AS1,0.0003765,3.293,computed GWAS
UTDTT,21,14615736,T,G,rs1380450,LOC388813,0.0003793,3.227,computed GWAS
UTDTT,1,3692481,G,A,rs1078687,TP73,0.0003801,3.13,computed GWAS
UTDTT,8,40869299,T,TC,8:40869299:T:TC,,0.0003851,3.289,computed GWAS
UTDTT,20,648246,C,T,rs6053666,SRXN1,0.0003851,3.289,computed GWAS
UTDTT,3,161481359,G,A,rs921363,intergenic,0.0004061,3.08,computed GWAS
UTDTT,6,78369355,C,T,rs2493222,intergenic,0.0004073,3.218,computed GWAS
UTDTT,15,67110190,T,C,rs62006018,SMAD3,0.0004073,3.218,computed GWAS
UTDTT,19,11172307,C,A,rs11879991,KANK2,0.0004148,3.846,computed GWAS
UTDTT,4,185684581,C,A,rs62336104,SORBS2,0.0004148,3.846,computed GWAS
UTDTT,6,79553660,T,TAC,6:79553660:T:TAC,,0.0004148,3.846,computed GWAS
UTDTT,6,43719936,C,CT,rs35211923,intergenic,0.0004282,3.137,computed GWAS
UTDTT,21,14656585,G,T,rs439328,intergenic,0.000158,3.428,computed GWAS
UTDTT,2,128075211,C,A,rs11683365,intergenic,0.0003081,3.22,computed GWAS
UTDTT,6,32864890,T,C,rs3752430,intergenic,0.0003081,3.22,computed GWAS
UTDTT,4,37584709,A,G,rs62299698,C4orf19,0.0002878,3.167,computed GWAS
UTDTT,4,185697150,G,A,rs955263,SORBS2,0.000171,3.456,computed GWAS
UTDTT,2,6235572,G,A,rs66495539,intergenic,0.0001711,3.922,computed GWAS
UTDTT,2,127911979,T,C,rs7569516,intergenic,0.0001766,3.286,computed GWAS
UTDTT,8,125006015,T,C,rs34132029,SQLE,0.000188,3.45,computed GWAS
UTDTT,3,72495045,C,T,rs10511022,intergenic,0.0001999,3.406,computed GWAS
UTDTT,2,37796082,A,G,rs4143271,intergenic,0.0002043,3.376,computed GWAS
UTDTT,2,127818006,T,C,rs10515925,intergenic,0.0002043,3.992,computed GWAS
UTDTT,18,43062440,A,G,rs7240414,RIT2,0.0002141,3.25,computed GWAS
UTDTT,5,4066071,T,G,rs4702391,intergenic,0.0002903,3.2,computed GWAS
UTDTT,17,5938031,T,C,rs67049855,intergenic,0.0002193,3.529,computed GWAS
UTDTT,4,112330523,G,A,rs12644594,ALPK1,0.0002193,3.529,computed GWAS
UTDTT,11,113239918,G,T,rs675646,NCAM1,0.0002372,4.095,computed GWAS
UTDTT,1,8184085,G,A,rs6663882,intergenic,0.0002526,3.417,computed GWAS
UTDTT,1,105701050,G,A,rs12131617,intergenic,0.000256,3.487,computed GWAS
UTDTT,19,14130393,T,G,rs8100435,ASF1B,0.0002662,4.24,computed GWAS
UTDTT,15,36898536,G,A,rs4923729,MEIS2,0.0002852,3.722,computed GWAS
UTDTT,15,93383617,G,T,rs2892474,intergenic,0.0002852,3.722,computed GWAS
UTDTT,16,6004841,T,C,rs11076998,intergenic,0.0002852,3.722,computed GWAS
UTDTT,15,35751290,G,A,rs17520774,DPH6-DT,0.0002857,4.148,computed GWAS
UTDTT,15,36902630,G,A,rs882396,MEIS2,0.0002858,4.445,computed GWAS
UTDTT,21,39615448,T,C,rs71316684,B3GALT5,0.0002858,4.445,computed GWAS
UTDTT,10,124521009,C,T,rs10794144,LHPP,0.0002335,3.273,computed GWAS
UTV,2,190137541,A,C,rs4531957,C2orf88,0.0001916,4.758,computed GWAS
UTV,5,117436267,ACC,A,rs77379610,LINC00992,8.619e-07,17.37,computed GWAS
UTV,5,117394355,G,A,rs4587112,intergenic,8.619e-07,17.37,computed GWAS
UTV,4,151221894,A,C,rs12503016,SH3D19,0.0001916,4.758,computed GWAS
UTV,4,151195993,T,C,rs77852985,SH3D19,0.0001916,4.758,computed GWAS
UTV,16,57163937,G,A,rs4783980,PSME3IP1,2.182e-06,7.091,computed GWAS
UTV,7,11563991,C,T,rs2214588,THSD7A,0.0001916,4.758,computed GWAS
UTV,2,5136102,G,T,rs17265240,intergenic,0.0001917,5.651,computed GWAS
UTV,8,88789167,C,T,rs16887460,intergenic,0.0001984,4.873,computed GWAS
UTV,9,110495330,G,A,rs2151689,SVEP1,0.0001984,4.873,computed GWAS
UTV,3,43078622,C,CCT,3:43078622:C:CCT,,0.0001916,4.758,computed GWAS
UTV,16,57213742,G,A,rs11859493,RSPRY1,2.182e-06,7.091,computed GWAS
UTV,3,100552475,G,A,rs12634317,TMEM45A,0.0001346,5.0,computed GWAS
UTV,16,57138717,T,C,rs889558,CPNE2,5.859e-06,6.539,computed GWAS
UTV,9,134650617,G,T,rs12005599,COL5A1-AS1,0.000104,6.033,computed GWAS
UTV,11,93558972,G,A,rs2399683,intergenic,9.914e-05,8.416,computed GWAS
UTV,13,100984416,G,A,rs9652121,NALCN-AS1,9.914e-05,5.125,computed GWAS
UTV,6,30073259,A,G,rs62390181,RNF39,9.914e-05,5.125,computed GWAS
UTV,9,112354031,C,G,rs10759555,intergenic,9.868e-05,5.079,computed GWAS
UTV,12,19859705,A,C,rs11044909,intergenic,9.703e-05,7.099,computed GWAS
UTV,6,26207700,A,G,rs2022448,intergenic,8.8e-05,5.296,computed GWAS
UTV,6,26188636,G,A,rs16891378,H4C4,8.8e-05,5.296,computed GWAS
UTV,6,26205490,C,T,rs2069018,H4C5,8.8e-05,5.296,computed GWAS
UTV,6,26203682,G,T,rs11758351,H4C5,8.8e-05,5.296,computed GWAS
UTV,6,26217500,G,A,rs1997768,intergenic,8.8e-05,5.296,computed GWAS
UTV,6,26235738,C,T,rs16891467,H1-3,8.8e-05,5.296,computed GWAS
UTV,6,26231215,C,T,rs11759904,intergenic,8.8e-05,5.296,computed GWAS
UTV,6,26219156,A,G,rs11753131,intergenic,8.8e-05,5.296,computed GWAS
UTV,1,248280508,T,G,rs71538180,intergenic,7.451e-05,5.7,computed GWAS
UTV,10,96781816,T,A,rs117705112,intergenic,6.595e-05,5.933,computed GWAS
UTV,1,170947505,T,G,rs4656817,MROH9,6.574e-05,6.046,computed GWAS
UTV,3,134075784,A,C,rs4547696,intergenic,6.574e-05,6.046,computed GWAS
UTV,11,22113825,C,A,rs7938786,intergenic,6.532e-05,5.649,computed GWAS
UTV,7,54796379,G,A,rs1112565,SEC61G-DT,6.532e-05,5.649,computed GWAS
UTV,3,160227974,C,G,rs61416438,TRIM59-IFT80,6.15e-05,6.429,computed GWAS
UTV,9,110493264,G,A,rs1889325,SVEP1,5.665e-05,5.533,computed GWAS
UTV,13,76536825,C,T,rs17066367,intergenic,5.538e-05,5.435,computed GWAS
UTV,2,241759225,A,G,rs34290285,D2HGDH,0.000104,6.033,computed GWAS
UTV,2,173234863,G,T,rs3769150,MAP3K20-AS1,5.443e-05,8.953,computed GWAS
UTV,2,241763397,A,G,rs62192037,D2HGDH,0.000104,6.033,computed GWAS
UTV,7,54744206,A,C,rs73122003,intergenic,0.0001061,5.373,computed GWAS
UTV,22,44862062,T,C,rs2071761,intergenic,0.0001346,5.0,computed GWAS
UTV,17,44795211,C,A,rs758020,intergenic,0.0001384,4.914,computed GWAS
UTV,14,33862279,T,C,rs79843892,intergenic,0.0001384,4.914,computed GWAS
UTV,10,3128002,T,C,rs11251734,PFKP,0.0001384,4.914,computed GWAS
UTV,6,109970229,T,C,rs34607400,intergenic,0.0001486,6.314,computed GWAS
UTV,1,98036428,T,C,rs1702294,MIR137HG,0.0001486,6.314,computed GWAS
UTV,19,37334937,C,T,rs66505733,ZNF875,0.0001486,6.314,computed GWAS
UTV,1,97999972,G,A,rs2154403,MIR137HG,0.0001486,6.314,computed GWAS
UTV,1,98037378,G,T,rs1625579,MIR137HG,0.0001486,6.314,computed GWAS
UTV,1,97962704,T,C,rs61789077,intergenic,0.0001486,6.314,computed GWAS
UTV,3,133733053,T,C,rs12638146,TF,0.0001486,6.314,computed GWAS
UTV,3,134603321,C,A,rs1880375,KY,0.0001486,6.314,computed GWAS
UTV,1,98084855,T,C,rs1198589,intergenic,0.0001486,6.314,computed GWAS
UTV,3,143662088,C,T,rs16854008,SLC9A9,0.0001486,6.314,computed GWAS
UTV,12,75925837,G,A,rs11180756,intergenic,0.0001336,5.077,computed GWAS
UTV,21,35818012,G,A,rs2835141,intergenic,0.0001336,5.077,computed GWAS
UTV,5,117523764,G,C,rs66463148,LINC00992,0.0001238,5.375,computed GWAS
UTV,9,14818791,A,G,rs12235847,FREM1,0.0001143,5.589,computed GWAS
UTV,13,71293401,C,A,rs11838796,intergenic,0.0001143,5.589,computed GWAS
UTV,9,4740356,A,G,rs79560141,AK3,0.0001143,5.589,computed GWAS
UTV,2,35710228,A,G,rs11124470,intergenic,0.0001061,5.373,computed GWAS
UTV,5,1505623,A,G,rs36972,LPCAT1,0.0001061,5.373,computed GWAS
UTV,8,122034002,C,T,rs13262753,intergenic,0.0001061,5.373,computed GWAS
UTV,22,17261433,G,A,rs115938432,CECR3,0.0001061,5.373,computed GWAS
UTV,14,100907656,A,G,rs1950627,MEG8,5.417e-05,6.5,computed GWAS
UTV,21,35510837,C,T,rs1003262,LOC100506403,4.603e-05,5.46,computed GWAS
UTV,5,31542559,C,T,rs3822360,C5orf22,3.895e-05,5.952,computed GWAS
UTV,6,151634779,A,G,rs60954078,,,,manually curated
UTV,22,28684743,A,G,rs62235681,,,,manually curated
UTV,5,56757708,T,C,rs62355901,,,,manually curated
UTV,6,151734843,A,T,rs6904031,ESR1,,,manually curated
UTV,12,28021884,C,T,rs7297051,,,,manually curated
UTV,11,69516650,C,T,rs78540526,,,,manually curated
UTV,18,44831838,G,C,rs9954058,SETBP1,,,manually curated
UTV,1,20540206,T,C,rs645548,intergenic,0.000189,5.625,computed GWAS
UTV,18,5632243,A,G,rs9958115,intergenic,0.000189,5.625,computed GWAS
UTV,15,39703387,C,CAT,15:39703387:C:CAT,,0.000189,5.625,computed GWAS
UTV,9,4741808,C,T,rs389445,AK3,0.000189,5.625,computed GWAS
UTV,19,57440667,G,A,rs726260,ZNF749,0.000189,5.625,computed GWAS
UTV,11,117360895,T,G,rs11216366,CEP164,0.000189,5.625,computed GWAS
UTV,8,116252211,T,G,rs799860,LINC00536,0.000189,5.625,computed GWAS
UTV,5,143536937,G,A,rs59538022,intergenic,0.0001907,5.28,computed GWAS
UTV,13,41774890,C,T,rs17637806,VWA8,0.0001907,5.28,computed GWAS
UTV,1,1959717,T,C,rs28446828,CFAP74,1.917e-05,6.75,computed GWAS
UTV,18,56556335,T,G,rs535505,intergenic,1.854e-05,6.0,computed GWAS
UTV,12,49976626,C,T,rs12306363,AQP6,9.555e-06,7.24,computed GWAS
UTV,16,63956232,A,G,rs10500480,intergenic,9.278e-06,6.29,computed GWAS
UTV,3,129345450,C,T,rs6781463,intergenic,7.003e-06,6.538,computed GWAS
UTV,10,61543456,A,G,rs1456279,intergenic,6.85e-06,6.44,computed GWAS
UTV,7,54697206,T,C,rs17172371,intergenic,6.58e-06,7.063,computed GWAS
UTV,16,52565276,C,T,rs4784227,,,,manually curated
UTV,2,217098337,C,G,rs34005590,,,,manually curated
UTV,2,217098337,C,A,rs34005590,,,,manually curated
UTV,10,121577821,A,G,rs2981579,FGFR2,,,manually curated
UTV,13,41683891,A,C,rs17637559,VWA8,3.895e-05,5.952,computed GWAS
UTV,4,185711998,G,A,rs11731079,SORBS2,3.643e-05,6.318,computed GWAS
UTV,1,98046571,G,T,rs2660304,MIR137HG,0.0001486,6.314,computed GWAS
UTV,14,72837857,C,T,rs11622224,DPF3,0.0001486,6.314,computed GWAS
UTV,14,33868741,C,A,rs74042891,intergenic,0.0001659,4.836,computed GWAS
UTV,16,51341580,A,C,rs28706155,MIR548AI,0.0001674,5.119,computed GWAS
UTV,1,166490193,T,C,rs10918488,LINC01675,0.0001674,5.119,computed GWAS
UTV,7,36692888,T,C,rs10951492,AOAH,0.0001674,5.119,computed GWAS
UTV,21,32049547,C,T,rs11909628,intergenic,0.0001776,4.867,computed GWAS
UTV,12,75969929,T,G,rs4831902,intergenic,0.000189,5.625,computed GWAS
UTV,17,336392,G,C,rs73286626,RPH3AL,3.643e-05,6.318,computed GWAS
UTV,16,57264154,T,C,rs79773077,PLLP,4.134e-06,6.84,computed GWAS
UTV,7,28540719,C,T,rs79415886,CREB5,3.269e-05,5.631,computed GWAS
UTV,22,47820428,T,C,rs9615650,LOC284930,0.0001336,5.077,computed GWAS
UTV,9,108074792,A,G,rs10816625,,,,manually curated
UTV,5,44706396,A,G,rs10941679,,,,manually curated
UTV,10,62540131,A,G,rs10995201,,,,manually curated
UTV,13,32398489,A,T,rs11571833,BRCA2,,,manually curated
UTV,14,68513118,T,C,rs11624333,RAD51B,,,manually curated
UTV,18,32397726,T,C,rs117618124,GAREM1,,,manually curated
UTV,17,68236770,G,A,rs139928793,AMZ2,,,manually curated
UTV,11,69696524,A,G,rs143616424,,,,manually curated
UTV,5,46011726,C,T,rs149362108,,,,manually curated
UTV,22,29065089,G,A,rs185729665,,,,manually curated
UTV,1,16081329,C,T,rs28505459,intergenic,2.648e-05,7.038,computed GWAS
UTV,9,27716678,A,G,rs117123569,intergenic,2.173e-05,6.064,computed GWAS
